station_id,station_name,network,latitude,longitude,elevation_m,selected_for_project,variable_count,variables
MH::agrmet::03e421c0cb98,Zola Predosa,agrmet,44.49614,11.20006,65.0,False,3,B12101|B13003|B13011
MH::agrmet::1cf49d1cc96e,Castellazzo Villanova d'Arda,agrmet,45.00253,10.00494,41.0,False,3,B12101|B13003|B13011
MH::agrmet::1df76f4d3815,Pieve di Cusignano,agrmet,44.78042,10.03873,277.0,False,3,B12101|B13003|B13011
MH::agrmet::2299c998b431,Carpineti,agrmet,44.47562,10.50865,580.0,False,3,B12101|B13003|B13011
MH::agrmet::27bc17c6fdbb,Morciano,agrmet,43.9261,12.71139,54.0,False,3,B12101|B13003|B13011
MH::agrmet::3358ae405c51,Padulle Sala Bolognese,agrmet,44.62775,11.29056,25.0,False,3,B12101|B13003|B13011
MH::agrmet::381f89118a64,Castelfranco Emilia,agrmet,44.63005,11.02747,32.0,False,3,B12101|B13003|B13011
MH::agrmet::3de3c02b1712,Lavezzola,agrmet,44.5635,11.84403,5.0,False,3,B12101|B13003|B13011
MH::agrmet::4f39c7dfc9fc,Modigliana Arpa,agrmet,44.12022,11.80825,556.0,False,1,B13011
MH::agrmet::51a5747f7ea2,Gainago,agrmet,44.88547,10.3807,28.0,False,3,B12101|B13003|B13011
MH::agrmet::5aec0b97b3f6,Montefiorino,agrmet,44.32841,10.623,632.0,False,3,B12101|B13003|B13011
MH::agrmet::5b1a481c0eb7,Mezzolara,agrmet,44.57105,11.53379,20.0,False,3,B12101|B13003|B13011
MH::agrmet::5e7f0458de15,Carpineta,agrmet,44.08903,12.27459,113.0,True,3,B12101|B13003|B13011
MH::agrmet::72efec4b36f4,Cortile di Carpi,agrmet,44.77839,10.97129,23.0,False,3,B12101|B13003|B13011
MH::agrmet::74d9a4793ff9,S. Agata sul Santerno,agrmet,44.44853,11.86667,10.0,False,3,B12101|B13003|B13011
MH::agrmet::8186946ab034,Castel San Pietro Arpa,agrmet,44.41112,11.59701,58.0,False,3,B12101|B13003|B13011
MH::agrmet::81b5c6b3c27a,S. Antonio Arpa,agrmet,44.55254,11.69918,8.0,False,3,B12101|B13003|B13011
MH::agrmet::960e46def7cd,S. Felice sul Panaro,agrmet,44.82606,11.12578,16.0,False,3,B12101|B13003|B13011
MH::agrmet::961d46e49b22,S. Pietro in Vincoli,agrmet,44.31392,12.1602,5.0,True,3,B12101|B13003|B13011
MH::agrmet::9b2566e84a2c,Sellarino Voghiera,agrmet,44.74656,11.74639,3.0,False,1,B13011
MH::agrmet::a555f8e2069e,Vergiano,agrmet,44.03456,12.5005,36.0,True,3,B12101|B13003|B13011
MH::agrmet::ab308350909a,S. Agata Bolognese,agrmet,44.695,11.14493,18.0,False,3,B12101|B13003|B13011
MH::agrmet::af4cde767348,Correggio,agrmet,44.74325,10.77293,33.0,False,3,B12101|B13003|B13011
MH::agrmet::c406206f7085,S. Nicolo',agrmet,45.04139,9.58959,68.0,False,3,B12101|B13003|B13011
MH::agrmet::c5d174656f93,Mirandola,agrmet,44.88612,11.01631,18.0,False,3,B12101|B13003|B13011
MH::agrmet::d2f794c1637d,Zibello,agrmet,45.00695,10.16786,31.0,False,3,B12101|B13003|B13011
MH::agrmet::db18c6591a74,Cavriago,agrmet,44.68953,10.51062,95.0,False,3,B12101|B13003|B13011
MH::agrmet::ee069719a206,Mirabello,agrmet,44.83186,11.45436,10.0,False,3,B12101|B13003|B13011
MH::agrmet::f36b61295afb,Cusercoli,agrmet,44.04111,11.9819,330.0,False,3,B12101|B13003|B13011
MH::agrmet::f96ca3375792,Sasso Morelli,agrmet,44.41953,11.75408,19.0,False,3,B12101|B13003|B13011
MH::agrmet::fdd98c01daac,Formigine,agrmet,44.55123,10.90937,90.0,False,3,B12101|B13003|B13011
MH::boa::15070855aa5c,Cervia Porto,boa,44.26714,12.35751,0.0,True,1,B22037
MH::boa::2bb2ab382da0,Cattolica Porto radar,boa,43.97027,12.75068,0.0,True,1,B22037
MH::boa::396335aa9517,Cervia Porto radar,boa,44.26714,12.35752,0.0,True,1,B22037
MH::boa::4b091b931c3f,Nausicaa 2,boa,44.21458,12.47587,0.0,True,10,B12101|B22001|B22004|B22032|B22043|B22070|B22071|B22073|B22074|B22196
MH::boa::a126d939a199,Cattolica Porto,boa,43.97027,12.75067,0.0,True,1,B22037
MH::dpcn-marche::006ea0f88bf6,Baraccola,dpcn-marche,43.57445,13.52388,-1.0,True,3,B12101|B13003|B13011
MH::dpcn-marche::010b8f07c3bf,Villa Potenza,dpcn-marche,43.32726,13.42604,90.0,True,4,B12101|B13003|B13011|B13215
MH::dpcn-marche::01a1404b93e9,Capodacqua,dpcn-marche,42.73848,13.23818,-1.0,False,2,B12101|B13011
MH::dpcn-marche::068def7776a2,Mercatale,dpcn-marche,43.76715,12.4639,0.0,False,1,B13215
MH::dpcn-marche::07a2b348ae66,Piobbico,dpcn-marche,43.58673,12.5152,0.0,False,3,B12101|B13003|B13011
MH::dpcn-marche::08468488cee2,Cagli Civita,dpcn-marche,43.5468,12.64387,0.0,False,4,B12101|B13003|B13011|B13215
MH::dpcn-marche::087707281b7c,San Vettore,dpcn-marche,43.39968,13.19107,259.0,False,1,B13215
MH::dpcn-marche::0c15648d2522,Porta Cartara,dpcn-marche,42.84925,13.57102,0.0,False,1,B13215
MH::dpcn-marche::0dc29a9737d7,Valmir,dpcn-marche,43.0413,13.67875,-1.0,True,1,B13215
MH::dpcn-marche::0f999c31c526,Visso,dpcn-marche,42.932,13.08147,704.0,False,1,B13215
MH::dpcn-marche::0fbd420bcc45,Fonte Avellana,dpcn-marche,43.4711,12.7264,703.0,False,3,B12101|B13003|B13011
MH::dpcn-marche::101b7b974c9d,Pianello di Ostra,dpcn-marche,43.62458,13.12703,0.0,True,1,B13215
MH::dpcn-marche::10b908b4b6b6,Piagge,dpcn-marche,43.7375,12.96922,-1.0,True,3,B12101|B13003|B13011
MH::dpcn-marche::13c1a83002d2,Svarchi,dpcn-marche,43.47547,13.59435,-1.0,True,3,B12101|B13011|B13215
MH::dpcn-marche::14c81a63867f,Bronzo,dpcn-marche,43.80855,12.51255,189.0,False,4,B12101|B13003|B13011|B13215
MH::dpcn-marche::16763308e8b4,Cesane Foresta,dpcn-marche,43.6926,12.7675,-1.0,False,3,B12101|B13003|B13011
MH::dpcn-marche::16e1b1cf6826,Arcevia,dpcn-marche,43.4975,12.9367,565.0,False,3,B12101|B13003|B13011
MH::dpcn-marche::1773741d3786,Gallo,dpcn-marche,43.78148,12.70724,132.0,False,3,B12101|B13003|B13011
MH::dpcn-marche::1872f8fbf216,Pievebovigliana,dpcn-marche,43.07257,13.0869,-1.0,False,2,B12101|B13011
MH::dpcn-marche::197dbd7411e6,Sibilla,dpcn-marche,42.895,13.27,1676.0,False,6,B10004|B11001|B11002|B12101|B13003|B13013
MH::dpcn-marche::1d28cc35dfb7,Ete Vivo,dpcn-marche,43.1358,13.7131,41.0,True,3,B12101|B13003|B13215
MH::dpcn-marche::1d81d7d77cab,Illice,dpcn-marche,42.90522,13.40683,0.0,False,3,B12101|B13003|B13011
MH::dpcn-marche::1e201ff6d532,Agugliano,dpcn-marche,43.5433,13.3806,141.0,True,1,B13011
MH::dpcn-marche::1f8f9914ac92,Fabriano,dpcn-marche,43.33846,12.96607,251.0,False,1,B13215
MH::dpcn-marche::226acc8a69ec,Cantiano,dpcn-marche,43.46707,12.64052,-1.0,False,3,B12101|B13003|B13011
MH::dpcn-marche::227342b8cd43,Sant Angelo in Pontano,dpcn-marche,43.104,13.399,-1.0,False,3,B12101|B13003|B13011
MH::dpcn-marche::26b2974cd07d,Ripatransone,dpcn-marche,42.99213,13.785,-1.0,True,3,B12101|B13003|B13011
MH::dpcn-marche::277de999b230,Colleponi,dpcn-marche,43.43372,12.90434,245.0,False,4,B12101|B13003|B13011|B13215
MH::dpcn-marche::27ce6c7a74d7,Loro Piceno,dpcn-marche,43.16,13.4036,399.0,False,3,B12101|B13003|B13011
MH::dpcn-marche::28f62c68c686,Passatempo,dpcn-marche,43.44728,13.4492,62.0,True,4,B12101|B13003|B13011|B13215
MH::dpcn-marche::296e8d02b50d,Ponte Tavola,dpcn-marche,42.90445,13.13805,-1.0,False,1,B13215
MH::dpcn-marche::29bc6beb8023,Metauro,dpcn-marche,43.76256,12.96747,47.0,True,4,B12101|B13003|B13011|B13215
MH::dpcn-marche::2d527df80968,Umito,dpcn-marche,42.73742,13.40658,-1.0,False,2,B12101|B13011
MH::dpcn-marche::2ddc53ead8f4,Ete Morto,dpcn-marche,43.2364,13.6719,33.0,True,1,B13215
MH::dpcn-marche::2f72e5740cf0,Monte Prata,dpcn-marche,42.8736,13.205,1791.0,False,7,B10004|B11001|B11002|B12101|B13003|B13011|B13013
MH::dpcn-marche::3237c8badf80,Poggio San Vicino,dpcn-marche,43.36842,13.07953,-1.0,False,3,B12101|B13003|B13011
MH::dpcn-marche::3423b76ba798,Isola San Biagio,dpcn-marche,42.9181,13.2989,1300.0,False,6,B10004|B11001|B11002|B12101|B13003|B13013
MH::dpcn-marche::365f51412777,Fabriano Centro,dpcn-marche,43.33027,12.90403,-1.0,False,3,B12101|B13003|B13011
MH::dpcn-marche::3839327543e4,Pontedazzo,dpcn-marche,43.48895,12.62047,0.0,False,1,B13215
MH::dpcn-marche::389476991b8d,Moie,dpcn-marche,43.49617,13.12579,120.0,False,4,B12101|B13003|B13011|B13215
MH::dpcn-marche::39776a688b5d,Conca 1,dpcn-marche,43.8711,12.4956,304.0,False,2,B13011|B13215
MH::dpcn-marche::398e07751e20,Foce Metauro,dpcn-marche,43.82704,13.05262,5.0,True,2,B13011|B13215
MH::dpcn-marche::3ba615eb8796,Piscina Acquasanta Terme,dpcn-marche,42.76832,13.40897,-1.0,False,3,B12101|B13003|B13011
MH::dpcn-marche::3e9cfe68a550,Campodiegoli,dpcn-marche,43.3103,12.8242,483.0,False,2,B12101|B13011
MH::dpcn-marche::3f97593006b9,Madonna dell'Uccelletto,dpcn-marche,42.93472,13.10763,0.0,False,1,B13215
MH::dpcn-marche::40225d302b05,Serravalle di Chienti,dpcn-marche,43.03055,12.9175,-1.0,False,3,B12101|B13003|B13011
MH::dpcn-marche::4387fff0c9da,Chienti 2,dpcn-marche,43.2608,13.59,65.0,True,4,B12101|B13003|B13011|B13215
MH::dpcn-marche::453a44434e87,Carassai,dpcn-marche,43.02597,13.64595,-1.0,True,3,B12101|B13003|B13011
MH::dpcn-marche::4706a73f6bb2,Sefro,dpcn-marche,43.15903,12.97075,-1.0,False,3,B12101|B13011|B13215
MH::dpcn-marche::47d9180dcdd8,Foglia 2,dpcn-marche,43.85179,12.7868,45.0,True,2,B13011|B13215
MH::dpcn-marche::488c56dcac91,Camponocecchio,dpcn-marche,43.40635,12.98029,184.0,False,4,B12101|B13003|B13011|B13215
MH::dpcn-marche::492306fb36f7,San Lorenzo in Campo,dpcn-marche,43.605,12.95333,-1.0,False,1,B13011
MH::dpcn-marche::49683b1483cb,Sorti,dpcn-marche,43.11957,12.95295,-1.0,False,3,B12101|B13003|B13011
MH::dpcn-marche::4b30ece76f74,Marina di Montemarciano,dpcn-marche,43.6463,13.34047,-1.0,True,2,B13011|B13215
MH::dpcn-marche::4b4a9f7399a2,Musone,dpcn-marche,43.4756,13.38844,124.0,True,3,B12101|B13011|B13215
MH::dpcn-marche::4c7b4537d0f5,Cagli Ponte Cavour,dpcn-marche,43.54255,12.64875,0.0,False,1,B13215
MH::dpcn-marche::4e90fc3972b0,Cingoli,dpcn-marche,43.36223,13.19233,-1.0,False,3,B12101|B13003|B13011
MH::dpcn-marche::4fe064149956,Montecavallo,dpcn-marche,42.98368,12.99405,-1.0,False,3,B12101|B13003|B13011
MH::dpcn-marche::4fe5a90ec688,Colle,dpcn-marche,43.5347,13.0564,328.0,False,6,B10004|B11001|B11002|B12101|B13003|B13011
MH::dpcn-marche::5095eaf8898e,Frontino,dpcn-marche,43.75863,12.357,0.0,False,3,B12101|B13003|B13011
MH::dpcn-marche::55726ed2e45b,Gualdo,dpcn-marche,42.88622,13.16578,0.0,False,3,B12101|B13003|B13011
MH::dpcn-marche::5604e8920253,Aso,dpcn-marche,43.02143,13.61847,-1.0,True,1,B13215
MH::dpcn-marche::588eac823e6b,Potenza 1,dpcn-marche,43.22954,13.18845,231.0,False,4,B12101|B13003|B13011|B13215
MH::dpcn-marche::5b2f428cb313,San Benedetto,dpcn-marche,42.9333,13.8892,1.0,True,6,B10004|B11001|B11002|B12101|B13003|B13011
MH::dpcn-marche::5c4a7c61f5fd,Foglia 1,dpcn-marche,43.79423,12.6188,127.0,False,2,B13011|B13215
MH::dpcn-marche::5cb398cdf6f8,Tronto,dpcn-marche,42.85223,13.65146,77.0,False,4,B12101|B13003|B13011|B13215
MH::dpcn-marche::5e185febd011,Cupramontana,dpcn-marche,43.44538,13.11565,-1.0,False,1,B13011
MH::dpcn-marche::5e32bda51cf6,Pioraco 2,dpcn-marche,43.18112,12.97333,-1.0,False,3,B12101|B13003|B13011
MH::dpcn-marche::61e3d7b822aa,Pizzo Tre Vescovi,dpcn-marche,42.9539,13.205,1696.0,False,5,B10004|B11001|B11002|B12101|B13003
MH::dpcn-marche::622e34fe7693,Ponte Arli,dpcn-marche,42.79809,13.46123,298.0,False,1,B13215
MH::dpcn-marche::6338346c8bdf,Conca 2,dpcn-marche,43.8839,12.5289,228.0,True,2,B13011|B13215
MH::dpcn-marche::6689c40ce66f,Ghilardino,dpcn-marche,43.6869,12.86079,118.0,False,1,B13215
MH::dpcn-marche::66c3e6796345,Serravalle di Carda,dpcn-marche,43.54828,12.48647,0.0,False,3,B12101|B13003|B13011
MH::dpcn-marche::684176e9878a,Pintura di Bolognola,dpcn-marche,42.9911,13.2392,1330.0,False,7,B10004|B11001|B11002|B12101|B13003|B13011|B13013
MH::dpcn-marche::6922d644532c,Pontelatrave,dpcn-marche,43.0786,13.08068,0.0,False,1,B13215
MH::dpcn-marche::6ae00920b079,Potenza 2,dpcn-marche,43.36473,13.55058,40.0,True,1,B13215
MH::dpcn-marche::6c6c00e491af,Monte Carpegna,dpcn-marche,43.80088,12.32015,10.0,False,3,B12101|B13003|B13011
MH::dpcn-marche::6db0774658d7,Pian di Pieca,dpcn-marche,43.08003,13.28157,-1.0,False,3,B12101|B13003|B13011
MH::dpcn-marche::6dc6ba256d4c,San Vittore,dpcn-marche,43.40238,12.97163,226.0,False,1,B13215
MH::dpcn-marche::6e29948bd246,Camerino,dpcn-marche,43.1461,13.0661,510.0,False,6,B10004|B11001|B11002|B12101|B13003|B13011
MH::dpcn-marche::6e6af748ce18,Macerata Montalbano,dpcn-marche,43.29223,13.4187,-1.0,False,3,B12101|B13003|B13011
MH::dpcn-marche::726fc555cbad,Foce Musone,dpcn-marche,43.47352,13.63888,3.0,True,1,B13215
MH::dpcn-marche::73546d2b9873,Senigallia,dpcn-marche,43.70103,13.20577,-1.0,True,3,B12101|B13003|B13011
MH::dpcn-marche::7372e732c325,Tolentino,dpcn-marche,43.20922,13.29552,-1.0,False,1,B13011
MH::dpcn-marche::74d9943d3442,Barbara,dpcn-marche,43.58027,13.02907,-1.0,False,1,B13011
MH::dpcn-marche::766a006d71b8,Castel S.Angelo,dpcn-marche,42.89458,13.15208,-1.0,False,1,B13215
MH::dpcn-marche::774b5f1b2068,S.Angelo in Vado 2,dpcn-marche,43.66567,12.41175,10.0,False,1,B13215
MH::dpcn-marche::78cdf4e78a55,Fiastra,dpcn-marche,43.2258,13.4028,174.0,False,1,B13215
MH::dpcn-marche::79447d6d3ce6,Nocelleto,dpcn-marche,42.88655,13.15192,0.0,False,1,B13215
MH::dpcn-marche::7da8c6890c55,Amandola,dpcn-marche,42.97638,13.35133,0.0,False,3,B12101|B13003|B13011
MH::dpcn-marche::825b29c019bc,Monte Valvasseto,dpcn-marche,43.00013,13.23803,0.0,False,3,B12101|B13003|B13013
MH::dpcn-marche::869129252703,Serra dei Conti,dpcn-marche,43.54798,13.02809,121.0,False,1,B13215
MH::dpcn-marche::8909bd7fffab,Misa,dpcn-marche,43.66254,13.16497,38.0,True,4,B12101|B13003|B13011|B13215
MH::dpcn-marche::89144dc4d75b,Monte Bove Sud,dpcn-marche,42.9119,13.1892,1789.0,False,7,B10004|B11001|B11002|B12101|B13003|B13011|B13013
MH::dpcn-marche::8bc9609ce7ac,Chienti 1,dpcn-marche,43.2325,13.3711,155.0,False,1,B13215
MH::dpcn-marche::8e076a8579bf,Tavoleto,dpcn-marche,43.84342,12.5911,-1.0,True,1,B13011
MH::dpcn-marche::8e8c478988f1,Villa Fastiggi,dpcn-marche,43.8906,12.8694,25.0,True,6,B10004|B11001|B11002|B12101|B13003|B13011
MH::dpcn-marche::8edbd0ebf693,Grottazzolina,dpcn-marche,43.1061,13.5986,195.0,True,2,B12101|B13011
MH::dpcn-marche::92cc06e7381f,Monocchia,dpcn-marche,43.36286,13.50756,64.0,True,1,B13215
MH::dpcn-marche::938a23bbc689,Montefano,dpcn-marche,43.4094,13.4369,202.0,True,3,B12101|B13003|B13011
MH::dpcn-marche::945ee5eaa435,Friano,dpcn-marche,43.00722,13.37888,0.0,False,1,B13215
MH::dpcn-marche::95781f3ab475,Ancona Torrette,dpcn-marche,43.61095,13.4498,-1.0,True,3,B12101|B13003|B13011
MH::dpcn-marche::95df3eba5f2d,Jesi,dpcn-marche,43.5319,13.23,126.0,False,3,B12101|B13003|B13011
MH::dpcn-marche::96bede171db0,Recanati,dpcn-marche,43.3836,13.5933,27.0,True,1,B13011
MH::dpcn-marche::9bcb8877b6a1,Corinaldo,dpcn-marche,43.6605,13.04638,-1.0,True,3,B12101|B13003|B13011
MH::dpcn-marche::9c7408e1afe2,Monte San Vito,dpcn-marche,43.60927,13.29086,36.0,True,1,B13215
MH::dpcn-marche::9c93ea939b57,Serralta,dpcn-marche,43.3158,13.1886,491.0,False,2,B12101|B13011
MH::dpcn-marche::9feca6150cf6,Arquata del Tronto,dpcn-marche,42.77782,13.29545,0.0,False,3,B12101|B13003|B13011
MH::dpcn-marche::a0601a5d9b16,Appignano,dpcn-marche,43.3642,13.3431,198.0,False,2,B12101|B13011
MH::dpcn-marche::a1150249d744,Carpegna,dpcn-marche,43.78058,12.34062,-1.0,False,3,B12101|B13003|B13011
MH::dpcn-marche::a39833358df4,Urbania,dpcn-marche,43.65342,12.55213,-1.0,False,3,B12101|B13003|B13011
MH::dpcn-marche::a76c1ba93810,Rostighello,dpcn-marche,43.43805,13.53805,-1.0,True,3,B12101|B13011|B13215
MH::dpcn-marche::aa0b4cdc75f0,Tesino,dpcn-marche,42.96805,13.71175,-1.0,True,2,B13011|B13215
MH::dpcn-marche::b07946f4b0fd,Arzilla,dpcn-marche,43.84,12.8947,64.0,True,2,B13011|B13215
MH::dpcn-marche::b1c5c8a80820,Foglia 3,dpcn-marche,43.90758,12.89751,9.0,True,2,B13011|B13215
MH::dpcn-marche::b2ad5d3cbbec,Foce Cesano,dpcn-marche,43.74958,13.17091,8.0,True,2,B13011|B13215
MH::dpcn-marche::b480cef512bd,Loreto,dpcn-marche,43.43578,13.61955,-1.0,True,3,B12101|B13003|B13011
MH::dpcn-marche::b51ee4d16529,Rotella,dpcn-marche,42.9542,13.5686,387.0,False,1,B13011
MH::dpcn-marche::b63ede20ff3f,San Giorgio Isola,dpcn-marche,42.88433,13.35693,0.0,False,1,B13215
MH::dpcn-marche::b738a6e21c00,Porto S.Elpidio,dpcn-marche,43.23261,13.77223,5.0,True,7,B10004|B11001|B11002|B12101|B13003|B13011|B13215
MH::dpcn-marche::ba30edec5514,Monte Paganuccio,dpcn-marche,43.6281,12.75872,-1.0,False,3,B12101|B13003|B13011
MH::dpcn-marche::ba82e5485bd1,Foce Chienti,dpcn-marche,43.2972,13.72883,4.0,True,4,B12101|B13003|B13011|B13215
MH::dpcn-marche::bb0f088433c9,Spindoli,dpcn-marche,43.19405,12.90042,-1.0,False,3,B12101|B13011|B13215
MH::dpcn-marche::bc6f203ac47b,Sassoferrato,dpcn-marche,43.42498,12.85635,-1.0,False,3,B12101|B13003|B13011
MH::dpcn-marche::c007f1337e8b,Foce Tesino,dpcn-marche,42.97552,13.86875,66.0,True,3,B12101|B13011|B13215
MH::dpcn-marche::c29ac8568a3a,Sant Angelo in Vado,dpcn-marche,43.66678,12.4102,357.0,False,4,B12101|B13003|B13011|B13215
MH::dpcn-marche::c2bc6155b393,Tenna,dpcn-marche,43.08581,13.49795,199.0,False,1,B13215
MH::dpcn-marche::c48d4be27ed0,Acqualagna,dpcn-marche,43.62819,12.68448,196.0,False,4,B12101|B13003|B13011|B13215
MH::dpcn-marche::c5662a4f997d,Endesa,dpcn-marche,42.92618,13.09863,-1.0,False,2,B13011|B13215
MH::dpcn-marche::c68251176e7d,Fabriano 2,dpcn-marche,43.30065,12.88497,-1.0,False,1,B13215
MH::dpcn-marche::c736667faf7e,Foce Aso,dpcn-marche,43.1019,13.8375,4.0,True,1,B13215
MH::dpcn-marche::cc11047f2e33,Ussita,dpcn-marche,42.9436,13.1425,796.0,False,3,B12101|B13003|B13011
MH::dpcn-marche::ceee71cecdb8,Tennacola,dpcn-marche,43.04682,13.45151,250.0,False,1,B13215
MH::dpcn-marche::d075ca789f17,Pennabilli,dpcn-marche,43.81972,12.27417,589.0,False,7,B10004|B11001|B11002|B11041|B12101|B13003|B13011
MH::dpcn-marche::d2b637589d13,San Giovanni,dpcn-marche,43.3886,13.0417,687.0,False,3,B12101|B13003|B13011
MH::dpcn-marche::d330d0d406ac,Fiastra Tribbio,dpcn-marche,43.0347,13.156,-1.0,False,3,B12101|B13003|B13011
MH::dpcn-marche::d5585c31948d,Monte Petrano,dpcn-marche,43.5153,12.62183,0.0,False,3,B12101|B13003|B13011
MH::dpcn-marche::d652eedff07d,Briglia Volpi,dpcn-marche,42.89038,13.87938,-1.0,True,1,B13215
MH::dpcn-marche::d93d81e2a6ee,Filottrano,dpcn-marche,43.4358,13.3511,254.0,False,1,B13011
MH::dpcn-marche::d9512702c69f,Fermo,dpcn-marche,43.1575,13.7144,140.0,True,3,B12101|B13003|B13011
MH::dpcn-marche::dead75631099,San. Ruffino,dpcn-marche,43.01021,13.40041,353.0,False,1,B13215
MH::dpcn-marche::dee5d1f10c12,Pergola,dpcn-marche,43.56863,12.84411,251.0,False,4,B12101|B13003|B13011|B13215
MH::dpcn-marche::e16eac6d6548,Montemonaco,dpcn-marche,42.8997,13.3253,972.0,False,3,B12101|B13003|B13011
MH::dpcn-marche::e5a18b29a68f,Nevola,dpcn-marche,43.63852,13.0769,71.0,True,1,B13215
MH::dpcn-marche::e64a7c599833,Monte Nerone,dpcn-marche,43.55328,12.52087,0.0,False,5,B11001|B11002|B12101|B13003|B13011
MH::dpcn-marche::e67e8fcdd2d4,Mozzano,dpcn-marche,42.84965,13.53753,-1.0,False,4,B11001|B12101|B13003|B13011
MH::dpcn-marche::e7aee3e4b03f,Force,dpcn-marche,42.9628,13.4897,617.0,False,3,B12101|B13003|B13011
MH::dpcn-marche::e86831b8d551,Pescara del Tronto,dpcn-marche,42.74063,13.2648,-1.0,False,1,B13215
MH::dpcn-marche::eb14d86977b4,Fiastrone,dpcn-marche,43.1456,13.2614,282.0,False,1,B13215
MH::dpcn-marche::eb8cf656b14b,Aspio,dpcn-marche,43.51722,13.53285,24.0,True,1,B13215
MH::dpcn-marche::ec4a6468c2cd,Pianello di Cagli,dpcn-marche,43.51215,12.55335,-1.0,False,3,B12101|B13003|B13011
MH::dpcn-marche::ec60f1eff25e,Porto Recanati,dpcn-marche,43.41521,13.65162,14.0,True,1,B13215
MH::dpcn-marche::edd371bdb3a6,Urbino,dpcn-marche,43.7233,12.6369,384.0,False,6,B10004|B11001|B11002|B12101|B13003|B13011
MH::dpcn-marche::ee28b7fb66ee,Ancona Regione,dpcn-marche,43.6103,13.5083,47.0,True,6,B10004|B11001|B11002|B12101|B13003|B13011
MH::dpcn-marche::eff8fa3d8ef8,Fossombrone,dpcn-marche,43.68252,12.7984,200.0,False,4,B12101|B13003|B13011|B13215
MH::dpcn-marche::f186bdcc9baf,Cesano,dpcn-marche,43.6649,13.01444,89.0,True,4,B12101|B13003|B13011|B13215
MH::dpcn-marche::f20c7d063dd5,Osimo Monteragolo,dpcn-marche,43.49232,13.50175,-1.0,True,3,B12101|B13003|B13011
MH::dpcn-marche::f37c8d0fa724,Esanatoglia2,dpcn-marche,43.25313,12.94332,-1.0,False,2,B12101|B13011
MH::dpcn-marche::f496893853a2,Pioraco,dpcn-marche,43.17916,12.98463,482.0,False,1,B13215
MH::dpcn-marche::f5211c92c619,Casteldelci,dpcn-marche,43.79056,12.13194,838.0,False,2,B12101|B13011
MH::dpcn-marche::f65593f235ef,Sassotetto,dpcn-marche,43.0067,13.2417,1344.0,False,7,B10004|B11001|B11002|B12101|B13003|B13011|B13013
MH::dpcn-marche::f946a97dfcd5,Fiumesino,dpcn-marche,43.62947,13.37233,-1.0,True,2,B13011|B13215
MH::dpcn-marche::f96f9334e2fe,Biscubio,dpcn-marche,43.56204,12.4304,488.0,False,3,B12101|B13011|B13215
MH::dpcn-marche::fdb08f19e790,Aspio 2,dpcn-marche,43.49395,13.56658,11.0,True,1,B13215
MH::dpcn-molise::07224182ff4b,Campobasso,dpcn-molise,41.53917,14.66111,750.0,False,6,B11001|B11002|B11041|B12101|B13003|B13011
MH::dpcn-molise::0a8c39308e1f,Ponte Liscione,dpcn-molise,41.83502,14.86056,75.0,False,2,B13011|B13215
MH::dpcn-molise::0eeab7292b77,Ponte Barrea,dpcn-molise,41.48389,14.98278,249.0,False,2,B13011|B13215
MH::dpcn-molise::189e30cdfbf6,Forli' del Sannio,dpcn-molise,41.7,14.185,672.0,False,2,B12101|B13011
MH::dpcn-molise::1f63b49c8d80,Termoli,dpcn-molise,41.97194,14.99472,10.0,True,2,B12101|B13011
MH::dpcn-molise::1fc8819939e3,Altopantano,dpcn-molise,41.92656,14.98981,17.0,True,1,B13215
MH::dpcn-molise::2517be83ec6d,Monteforte meteo,dpcn-molise,41.79528,14.29222,1246.0,False,4,B11001|B11002|B11041|B12101
MH::dpcn-molise::3ca300961a44,Lucito Biferno,dpcn-molise,41.71865,14.6943,285.0,False,2,B13011|B13215
MH::dpcn-molise::496516f1b8e1,Trivento PLUVIO,dpcn-molise,41.77972,14.54667,465.0,False,6,B11001|B11002|B11041|B12101|B13003|B13011
MH::dpcn-molise::49b5c3ea9a67,Isernia,dpcn-molise,41.60944,14.25056,468.0,False,2,B12101|B13011
MH::dpcn-molise::4a33a824a3ee,Mafalda,dpcn-molise,41.94222,14.70306,442.0,True,2,B12101|B13011
MH::dpcn-molise::6d1e78fa376c,Castropignano,dpcn-molise,41.604,14.57444,419.0,False,1,B13215
MH::dpcn-molise::6f5f416fff9b,Fornelli,dpcn-molise,41.62528,14.14111,614.0,False,2,B12101|B13011
MH::dpcn-molise::778f17c253b1,Bonefro,dpcn-molise,41.7,14.92556,672.0,False,2,B12101|B13011
MH::dpcn-molise::7ff0961c6b63,Palata,dpcn-molise,41.89,14.78583,505.0,True,2,B12101|B13011
MH::dpcn-molise::8b768af2771e,Capracotta,dpcn-molise,41.84583,14.26722,1385.0,False,3,B12101|B13011|B13013
MH::dpcn-molise::91bfbb9aeea4,Castelmauro,dpcn-molise,41.82917,14.71028,665.0,False,2,B12101|B13011
MH::dpcn-molise::a90ef3736f18,Ponte Venticinque Archi,dpcn-molise,41.51866,14.13783,212.0,False,2,B13011|B13215
MH::dpcn-molise::a9b90ea464ac,Campitello Matese Rmolise SP,dpcn-molise,41.45472,14.39778,1432.0,False,3,B12101|B13011|B13013
MH::dpcn-molise::b647bb3b328a,Caprafica,dpcn-molise,41.89611,14.63417,174.0,False,2,B13011|B13215
MH::dpcn-molise::be637b4c7860,Gambatesa,dpcn-molise,41.5075,14.91389,520.0,False,2,B12101|B13011
MH::dpcn-molise::c81df684131f,Roccamandolfi,dpcn-molise,41.4975,14.35639,753.0,False,2,B12101|B13011
MH::dpcn-molise::d3b3ca41f8eb,Pietrabbondante,dpcn-molise,41.74222,14.38306,1035.0,False,2,B12101|B13011
MH::dpcn-molise::db3b07eb0eae,Campochiaro,dpcn-molise,41.47472,14.54028,504.0,False,8,B10004|B11001|B11002|B11041|B12101|B13003|B13011|B13013
MH::dpcn-molise::eb52b4087a2d,Frosolone,dpcn-molise,41.60056,14.44333,911.0,False,2,B12101|B13011
MH::dpcn-molise::f21d71a1c1a8,Campochiaro Quirino,dpcn-molise,41.47698,14.54555,500.0,False,2,B13011|B13215
MH::dpcn-molise::ff821008f43b,Monteforte nivo,dpcn-molise,41.79056,14.29528,1213.0,False,2,B12101|B13013
MH::dpcn-puglia::07aadb2f2aac,Adelfia,dpcn-puglia,41.00083,16.86717,156.0,True,1,B13011
MH::dpcn-puglia::274e683c4d9e,Conversano,dpcn-puglia,40.9205,17.12583,201.0,True,1,B13011
MH::dpcn-puglia::317ca2ca67bf,Casamassima,dpcn-puglia,40.9535,16.9175,222.0,True,1,B13011
MH::dpcn-puglia::35a15e32d15b,Acquaviva delle Fonti,dpcn-puglia,40.89705,16.84247,-1.0,False,1,B13011
MH::dpcn-puglia::4421f84955e5,Mercadante,dpcn-puglia,40.86083,16.63483,396.0,False,1,B13011
MH::dpcn-puglia::7299a454bc69,Bovino,dpcn-puglia,41.11067,15.33117,591.0,False,1,B13011
MH::dpcn-puglia::863486f2d299,Castellana Grotte,dpcn-puglia,40.87583,17.208,310.0,True,1,B13011
MH::dpcn-puglia::a1c4d6edae1a,Turi,dpcn-puglia,40.90067,17.05267,221.0,True,1,B13011
MH::dpcn-puglia::b13bf8dbcab7,Bradano Serra Marina,dpcn-puglia,40.47528,16.755,28.0,False,1,B13215
MH::dpcn-puglia::c429e9e90bdc,Bitonto,dpcn-puglia,41.093,16.705,108.0,True,1,B13011
MH::dpcn-puglia::d0a79677adb2,Grumo Appula,dpcn-puglia,40.998,16.73117,180.0,True,1,B13011
MH::dpcn-puglia::d8aefd1b0f2e,Serracapriola,dpcn-puglia,41.80222,15.15694,200.0,False,2,B12101|B13011
MH::dpcn-puglia::db847bf3e5e7,Torrente Carapelle a Ponte Ordon,dpcn-puglia,41.2915,15.6425,138.0,False,1,B13215
MH::dpcn-puglia::e28ff345fcd2,Bari Osservatorio,dpcn-puglia,41.11517,16.87733,7.0,True,1,B13011
MH::dpcn-puglia::ec36a7a4aa8e,Bari Campus,dpcn-puglia,41.09533,16.8715,14.0,True,1,B13011
MH::dpcn-puglia::f96d05f1fdc9,Quasano,dpcn-puglia,40.959,16.57217,374.0,False,1,B13011
MH::dpcn-veneto::00b99c825d9a,Falcade CMT,dpcn-veneto,46.35545,11.86946,1142.0,False,5,B11001|B11002|B12101|B13003|B13011
MH::dpcn-veneto::026e5db92203,Valle di Cadore CMT,dpcn-veneto,46.41544,12.33234,793.0,False,4,B11001|B11002|B12101|B13011
MH::dpcn-veneto::04976b26b99b,Malga Ciapela CMT,dpcn-veneto,46.42867,11.90479,1471.0,False,2,B12101|B13011
MH::dpcn-veneto::06cbb31a77f2,Cancia Stazione 1,dpcn-veneto,46.44743,12.25042,2140.0,False,3,B11002|B12101|B13011
MH::dpcn-veneto::06fbb8a14b57,Busche,dpcn-veneto,46.03845,11.98587,242.0,False,1,B13215
MH::dpcn-veneto::07653c27160c,Cordignano,dpcn-veneto,45.94836,12.4152,47.0,False,1,B13215
MH::dpcn-veneto::07cd37e02056,Ariano SIAP,dpcn-veneto,44.93972,12.13972,2.0,False,1,B13215
MH::dpcn-veneto::08e720c67d9b,Chioggia CMT,dpcn-veneto,45.21813,12.28305,0.0,True,2,B12101|B13011
MH::dpcn-veneto::0c659e6c1d36,Passo Falzarego,dpcn-veneto,46.52017,12.02802,2104.0,False,7,B10004|B11001|B11002|B12101|B13003|B13011|B13013
MH::dpcn-veneto::0c88e21d8d39,Vazzola CMT,dpcn-veneto,45.81169,12.3419,40.0,False,3,B12101|B13003|B13011
MH::dpcn-veneto::0d90cce14511,Portogruaro,dpcn-veneto,45.78668,12.83849,5.0,False,1,B13215
MH::dpcn-veneto::0ed24971906a,Belluno 2,dpcn-veneto,46.13503,12.21827,337.0,False,1,B13215
MH::dpcn-veneto::10fb5bb2827a,Malga Col Indes CMT,dpcn-veneto,46.11907,12.44016,1173.0,False,5,B11001|B11002|B12101|B13003|B13011
MH::dpcn-veneto::11755c26b1ca,Meduna di Livenza,dpcn-veneto,45.80511,12.61058,8.0,False,1,B13215
MH::dpcn-veneto::12642ed26d92,Recoaro Mille  CMT,dpcn-veneto,45.67972,11.22577,0.0,False,6,B11001|B11002|B11041|B12101|B13003|B13011
MH::dpcn-veneto::135f658a5ce6,Latisana,dpcn-veneto,45.75583,12.9975,6.0,True,1,B13215
MH::dpcn-veneto::142381302a5c,Bolzano Vicentino,dpcn-veneto,45.60089,11.6209,42.0,False,1,B13215
MH::dpcn-veneto::16b9c6d06343,Valli Mocenighe,dpcn-veneto,45.15514,11.56501,9.0,False,1,B13215
MH::dpcn-veneto::16c3bfc887e1,Ficarolo,dpcn-veneto,44.94528,11.42556,10.0,False,1,B13215
MH::dpcn-veneto::170d7fca219b,2-INADEF (Rudan dx briglia),dpcn-veneto,46.41699,12.25879,0.0,False,1,B13011
MH::dpcn-veneto::1839c361affc,Recoaro Terme,dpcn-veneto,45.70199,11.2147,751.0,False,3,B12101|B13011|B13215
MH::dpcn-veneto::1a9f360e01a4,Enego,dpcn-veneto,45.95441,11.715,575.0,False,1,B13215
MH::dpcn-veneto::1b85fad3fad7,Carmignano,dpcn-veneto,45.14362,11.64371,8.0,False,1,B13215
MH::dpcn-veneto::1bb667d5cede,Portobuffole',dpcn-veneto,45.85067,12.53638,11.0,False,1,B13215
MH::dpcn-veneto::1be5d1318ddc,Monte Faloria CMT,dpcn-veneto,46.52745,12.17509,2221.0,False,5,B11001|B11002|B12101|B13003|B13011
MH::dpcn-veneto::1da208357280,Piana di Marcesina CMT,dpcn-veneto,45.94867,11.6125,0.0,False,6,B11001|B11002|B11041|B12101|B13003|B13011
MH::dpcn-veneto::2054e6a7e1d3,Zuccarello CMT,dpcn-veneto,45.53739,12.37831,0.0,True,6,B11001|B11002|B11041|B12101|B13003|B13011
MH::dpcn-veneto::24018eecb525,Venezia-Treporti CMT,dpcn-veneto,45.45872,12.48626,1.0,True,5,B11001|B11002|B12101|B13003|B13011
MH::dpcn-veneto::24169717de4c,San Bortolo CMT,dpcn-veneto,45.60854,11.18137,924.0,False,4,B11001|B11002|B12101|B13011
MH::dpcn-veneto::2547194088c6,Cavanella SIAP,dpcn-veneto,45.02778,12.15139,6.0,False,1,B13215
MH::dpcn-veneto::25b083e6b97a,Volpago CMT,dpcn-veneto,45.78502,12.11305,110.0,False,5,B11001|B11002|B12101|B13003|B13011
MH::dpcn-veneto::2784ef8ee33d,Cortina CMT,dpcn-veneto,46.53669,12.1274,1203.0,False,5,B11001|B11002|B12101|B13003|B13011
MH::dpcn-veneto::278a97f1d36b,Monte Tomba,dpcn-veneto,45.68342,11.06889,1580.0,False,6,B11001|B11002|B11041|B12101|B13003|B13013
MH::dpcn-veneto::2aa9080e7891,Teolo CMT,dpcn-veneto,45.34273,11.67713,132.0,False,5,B11001|B11002|B12101|B13003|B13011
MH::dpcn-veneto::2abc3683454e,Voltabarozzo Valle,dpcn-veneto,45.38614,11.90563,10.0,False,1,B13215
MH::dpcn-veneto::2b24a4e477e5,S.Cassiano,dpcn-veneto,45.8624,12.53184,14.0,False,1,B13215
MH::dpcn-veneto::2c3e0ea4368f,Vicenza,dpcn-veneto,45.55008,11.55043,57.0,False,1,B13215
MH::dpcn-veneto::2c65116ff9b2,Campogrosso,dpcn-veneto,45.7285,11.16839,1440.0,False,6,B11001|B11002|B11041|B12101|B13003|B13013
MH::dpcn-veneto::2cf6a0041d34,Malga Losch,dpcn-veneto,46.26239,11.95947,1529.0,False,6,B11001|B11002|B11041|B12101|B13003|B13013
MH::dpcn-veneto::2f4aa3ec9c79,Pradon CMT,dpcn-veneto,44.91734,12.3691,0.0,True,5,B11001|B11002|B12101|B13003|B13011
MH::dpcn-veneto::2fd41126a925,Rosa' CMT,dpcn-veneto,45.71659,11.77626,85.0,False,3,B12101|B13003|B13011
MH::dpcn-veneto::30b3f292c4ec,Cortellazzo CMT,dpcn-veneto,45.53585,12.65882,0.0,True,6,B11001|B11002|B11041|B12101|B13003|B13011
MH::dpcn-veneto::31cf30e44279,Roverchiara CMT,dpcn-veneto,45.2658,11.25119,19.0,False,5,B11001|B11002|B12101|B13003|B13011
MH::dpcn-veneto::34d4c873fe79,Albaredo,dpcn-veneto,45.31795,11.26629,25.0,False,1,B13215
MH::dpcn-veneto::386ce9ae757e,Casera Doana-Razzo,dpcn-veneto,46.48119,12.54097,1847.0,False,6,B11001|B11002|B11041|B12101|B13003|B13013
MH::dpcn-veneto::38ee764e57c1,Sant'Apollinare CMT,dpcn-veneto,45.0334,11.82597,5.0,False,5,B11001|B11002|B12101|B13003|B13011
MH::dpcn-veneto::3966d7c05bf7,Malga Larici,dpcn-veneto,45.96362,11.4193,873.0,False,6,B11001|B11002|B11041|B12101|B13003|B13013
MH::dpcn-veneto::39b1ff787c6c,Caprile CMT,dpcn-veneto,46.44044,11.99004,1025.0,False,5,B11001|B11002|B12101|B13003|B13011
MH::dpcn-veneto::3cb06e363c79,Rifugio Son Forca (rio Gere),dpcn-veneto,46.56777,12.18671,0.0,False,1,B13011
MH::dpcn-veneto::3d6dc5077e1c,Peschiera Navigarda,dpcn-veneto,45.44083,10.69528,69.0,False,1,B13215
MH::dpcn-veneto::3f13d333fb08,Verona,dpcn-veneto,45.44258,11.00154,60.0,False,1,B13215
MH::dpcn-veneto::3f5ef2405503,Villafranca Veronese CMT,dpcn-veneto,45.37242,10.83263,66.0,False,3,B12101|B13003|B13011
MH::dpcn-veneto::416672aef3b8,Lugugnana di Portogruaro CMT,dpcn-veneto,45.70491,12.94669,0.0,True,3,B12101|B13003|B13011
MH::dpcn-veneto::41f069da945c,Auronzo CMT,dpcn-veneto,46.55625,12.42594,849.0,False,5,B11001|B11002|B12101|B13003|B13011
MH::dpcn-veneto::42e29bef6abb,Campodarsego CMT,dpcn-veneto,45.49552,11.91336,15.0,False,5,B11001|B11002|B12101|B13003|B13011
MH::dpcn-veneto::435060277784,Nervesa della Battaglia CMT,dpcn-veneto,45.81684,12.2018,0.0,False,2,B12101|B13011
MH::dpcn-veneto::44bd4380ef92,M.te Grande CMT,dpcn-veneto,45.36192,11.67282,454.0,False,1,B12101
MH::dpcn-veneto::44db54c18dcf,Gallio,dpcn-veneto,45.88022,11.55281,1149.0,False,4,B11001|B11002|B12101|B13011
MH::dpcn-veneto::456e485f5a68,Vazzola,dpcn-veneto,45.85057,12.39256,25.0,False,1,B13215
MH::dpcn-veneto::46fe9760ee4d,Ospedaletto Euganeo CMT,dpcn-veneto,45.23456,11.60649,9.0,False,3,B12101|B13003|B13011
MH::dpcn-veneto::47837f3d5435,Boite a Cancia,dpcn-veneto,46.43123,12.2221,886.0,False,1,B13215
MH::dpcn-veneto::49a4895d3e55,Mira CMT,dpcn-veneto,45.43596,12.11748,6.0,True,3,B12101|B13003|B13011
MH::dpcn-veneto::4a7a7d89a37d,Montecchio Precalcino CMT,dpcn-veneto,45.65883,11.54773,74.0,False,5,B11001|B11002|B12101|B13003|B13011
MH::dpcn-veneto::4ba5d2874436,Ponte Gua',dpcn-veneto,45.4909,11.39227,70.0,False,2,B13011|B13215
MH::dpcn-veneto::4be4000931e9,S.Agostino,dpcn-veneto,45.52549,11.52144,35.0,False,3,B12101|B13011|B13215
MH::dpcn-veneto::4c26cf7c515f,Vittorio Veneto CMT,dpcn-veneto,45.98539,12.3076,122.0,False,5,B11001|B11002|B12101|B13003|B13011
MH::dpcn-veneto::4fd3eb3b5a9c,La Secca,dpcn-veneto,46.12987,12.3183,395.0,False,2,B12101|B13011
MH::dpcn-veneto::5007349cc4e0,Pescantina,dpcn-veneto,45.47918,10.86395,0.0,False,1,B13215
MH::dpcn-veneto::504f46a148ca,Castelnovo Bariano CMT,dpcn-veneto,45.03102,11.30253,11.0,False,5,B11001|B11002|B12101|B13003|B13011
MH::dpcn-veneto::5075d089f8ed,Illasi CMT,dpcn-veneto,45.4603,11.17156,142.0,False,5,B11001|B11002|B12101|B13003|B13011
MH::dpcn-veneto::50bed1b36f5f,Ponte Brogliano,dpcn-veneto,45.59011,11.36976,169.0,False,3,B12101|B13011|B13215
MH::dpcn-veneto::512b6bd3f88b,Marano di Valpolicella CMT,dpcn-veneto,45.54789,10.92333,280.0,False,5,B11001|B11002|B12101|B13003|B13011
MH::dpcn-veneto::516dc44e44fa,Pradazzo,dpcn-veneto,46.3559,11.82267,2196.0,False,6,B11001|B11002|B11041|B12101|B13003|B13013
MH::dpcn-veneto::55d617f395a7,Ponte Asse,dpcn-veneto,45.46209,11.40114,50.0,False,1,B13215
MH::dpcn-veneto::56706c9697f1,Cansiglio - Tramedere CMT,dpcn-veneto,46.07748,12.41477,1022.0,False,3,B12101|B13003|B13011
MH::dpcn-veneto::59699eae4002,S.Salvaro,dpcn-veneto,45.20348,11.40802,12.0,False,1,B13215
MH::dpcn-veneto::5a81c83da11f,Eraclea CMT,dpcn-veneto,45.60317,12.70706,1.0,True,5,B11001|B11002|B12101|B13003|B13011
MH::dpcn-veneto::5db762d9ffb9,Sappada CMT,dpcn-veneto,46.57068,12.70813,1947.0,False,5,B11001|B11002|B12101|B13003|B13011
MH::dpcn-veneto::5e4fe5ea9039,Legnago,dpcn-veneto,45.19381,11.31346,16.0,False,1,B13215
MH::dpcn-veneto::5eea91b2ada3,Bibione CMT,dpcn-veneto,45.64137,13.07747,1.0,True,5,B11001|B11002|B12101|B13003|B13011
MH::dpcn-veneto::5fe7e65212b8,Chioggia S.Anna CMT,dpcn-veneto,45.14466,12.27579,1.0,True,3,B12101|B13003|B13011
MH::dpcn-veneto::606bccf306b5,Fontanelle,dpcn-veneto,45.83695,12.43992,17.0,False,2,B13011|B13215
MH::dpcn-veneto::60aaeeaadb26,S.Martino B.Albergo,dpcn-veneto,45.38722,11.06417,42.0,False,1,B13215
MH::dpcn-veneto::6127b39a3f0e,Montebelluna - loc. Contea,dpcn-veneto,45.7715,12.00576,0.0,False,2,B12101|B13011
MH::dpcn-veneto::61b7a7acda54,Porto Barricata,dpcn-veneto,44.84861,12.465,2.0,True,1,B13215
MH::dpcn-veneto::63fb0491f8be,Monte Piana,dpcn-veneto,46.61522,12.24475,1684.0,False,6,B11001|B11002|B11041|B12101|B13003|B13013
MH::dpcn-veneto::643442527e7d,Belluno,dpcn-veneto,46.13422,12.21859,422.0,False,1,B13215
MH::dpcn-veneto::664c78990c05,Isola Vicentina CMT,dpcn-veneto,45.62071,11.45381,0.0,False,2,B12101|B13011
MH::dpcn-veneto::66c106a64ba2,Ponte Marchese,dpcn-veneto,45.58168,11.53469,38.0,False,1,B13215
MH::dpcn-veneto::694d6fb559bf,S.Stefano di Cadore CMT,dpcn-veneto,46.5572,12.55254,922.0,False,3,B12101|B13003|B13011
MH::dpcn-veneto::69fb1e8cb9ff,Padola,dpcn-veneto,46.55927,12.54768,0.0,False,1,B13215
MH::dpcn-veneto::6a77c4306446,Rovina Bassa di Cancia CMT,dpcn-veneto,46.43718,12.24264,1327.0,False,2,B12101|B13011
MH::dpcn-veneto::6aca3fb0aebf,Monte Summano  CMT,dpcn-veneto,45.75031,11.41507,0.0,False,3,B12101|B13003|B13011
MH::dpcn-veneto::6b42e8ec3a4a,Passo Xomo CMT,dpcn-veneto,45.7771,11.23791,0.0,False,6,B11001|B11002|B11041|B12101|B13003|B13011
MH::dpcn-veneto::6be8ea1ac29a,Cologna Veneta,dpcn-veneto,45.31653,11.38324,24.0,False,2,B13011|B13215
MH::dpcn-veneto::6eafbff5b678,Ponte Mas,dpcn-veneto,46.15431,12.12522,390.0,False,1,B13215
MH::dpcn-veneto::6eba67c79112,Campomolon,dpcn-veneto,45.87317,11.27292,1673.0,False,5,B11001|B11002|B11041|B12101|B13013
MH::dpcn-veneto::733580dd0906,Noventa di Piave CMT,dpcn-veneto,45.66841,12.58851,1.0,True,3,B12101|B13003|B13011
MH::dpcn-veneto::780cf4831138,Boara Pisani,dpcn-veneto,45.10548,11.78424,6.0,False,1,B13215
MH::dpcn-veneto::79559cf26111,Porto Levante,dpcn-veneto,45.0481,12.36196,1.0,True,1,B13215
MH::dpcn-veneto::7b7d10e140fa,Follina CMT,dpcn-veneto,45.95703,12.11708,261.0,False,3,B12101|B13003|B13011
MH::dpcn-veneto::7baacb0a5156,Pettorazza - Botti Barbarighe CM,dpcn-veneto,45.11639,12.02444,0.0,False,2,B12101|B13011
MH::dpcn-veneto::7be90225b7f4,Segusino,dpcn-veneto,45.92249,11.94884,191.0,False,1,B13215
MH::dpcn-veneto::7ca7b33a88cb,Contra Doppio CMT,dpcn-veneto,45.80632,11.22536,0.0,False,2,B12101|B13011
MH::dpcn-veneto::7cf7789a187c,Posina a Stancari,dpcn-veneto,45.8058,11.33577,430.0,False,1,B13215
MH::dpcn-veneto::7dec196b1486,Astico a Pedescala,dpcn-veneto,45.84469,11.36725,319.0,False,4,B12101|B13003|B13011|B13215
MH::dpcn-veneto::809bc91e78c3,Castelfranco Veneto CMT,dpcn-veneto,45.69492,11.94778,49.0,False,5,B11001|B11002|B12101|B13003|B13011
MH::dpcn-veneto::80ce1014a6e0,Ponte di Piave CMT,dpcn-veneto,45.71712,12.52394,5.0,False,5,B11001|B11002|B12101|B13003|B13011
MH::dpcn-veneto::84d75310ac38,Molini CMT,dpcn-veneto,45.83265,11.25628,0.0,False,3,B12101|B13003|B13011
MH::dpcn-veneto::86b893254698,Monte Traversa,dpcn-veneto,45.54548,11.36491,0.0,False,1,B13215
MH::dpcn-veneto::87bd2e848c24,Casera Coltrondo,dpcn-veneto,46.66519,12.44353,1587.0,False,6,B11001|B11002|B11041|B12101|B13003|B13013
MH::dpcn-veneto::8a193114b4ee,Roncadin,dpcn-veneto,46.19073,12.40789,789.0,False,3,B12101|B13003|B13011
MH::dpcn-veneto::8a734d7a2afc,Sorga' CMT,dpcn-veneto,45.21754,11.0083,24.0,False,5,B11001|B11002|B12101|B13003|B13011
MH::dpcn-veneto::8ba0733aa726,Lonigo CMT,dpcn-veneto,45.39046,11.37964,28.0,False,5,B11001|B11002|B12101|B13003|B13011
MH::dpcn-veneto::8cad47f5cd29,Badia Polesine,dpcn-veneto,45.10505,11.48054,14.0,False,1,B13215
MH::dpcn-veneto::8cef971f6101,Oderzo,dpcn-veneto,45.78346,12.49397,10.0,False,1,B13215
MH::dpcn-veneto::8e545b1a91eb,Pontevigodarzere,dpcn-veneto,45.44716,11.8938,17.0,False,1,B13215
MH::dpcn-veneto::8f7ce762a646,Fiames Pomagagnon,dpcn-veneto,46.57037,12.13988,0.0,False,1,B13011
MH::dpcn-veneto::8ff4d307a50c,Turcati CMT,dpcn-veneto,45.70338,11.18534,0.0,False,3,B12101|B13003|B13011
MH::dpcn-veneto::9197fac746df,Sermide e Felonica SP 91,dpcn-veneto,45.01536,11.28993,10.0,False,3,B12101|B13011|B13215
MH::dpcn-veneto::925e07e84444,Cancia Stazione 2,dpcn-veneto,46.4422,12.24555,1690.0,False,3,B11002|B12101|B13011
MH::dpcn-veneto::9363f034f205,Portogruaro CMT,dpcn-veneto,45.74549,12.76129,2.0,True,5,B11001|B11002|B12101|B13003|B13011
MH::dpcn-veneto::9437f01586da,Ponte Arzignano,dpcn-veneto,45.51213,11.37571,78.0,False,1,B13215
MH::dpcn-veneto::94e5dfb7b656,Lonigo,dpcn-veneto,45.3919,11.38792,31.0,False,1,B13215
MH::dpcn-veneto::96129c1e3a33,Cordevole a Saviner,dpcn-veneto,46.44255,11.98685,1025.0,False,1,B13215
MH::dpcn-veneto::971716894a3b,Pila SIAP,dpcn-veneto,44.96343,12.48285,1.0,False,1,B13215
MH::dpcn-veneto::97c170e5d7dc,Crosara CMT,dpcn-veneto,45.77436,11.61748,0.0,False,2,B12101|B13011
MH::dpcn-veneto::98d6baa85732,Arabba CMT,dpcn-veneto,46.49998,11.87607,1574.0,False,5,B11001|B11002|B12101|B13003|B13011
MH::dpcn-veneto::9d0cc0ac1653,Brustolu00e8 CMT,dpcn-veneto,45.80056,11.34361,0.0,False,2,B12101|B13011
MH::dpcn-veneto::a0023f1d93b4,Eraclea,dpcn-veneto,45.57362,12.67387,0.0,True,1,B13215
MH::dpcn-veneto::a0ca6fba6492,Legnaro CMT,dpcn-veneto,45.34735,11.95217,7.0,False,5,B11001|B11002|B12101|B13003|B13011
MH::dpcn-veneto::a174ad3e47c7,Campo di Zoldo CMT,dpcn-veneto,46.34667,12.18457,835.0,False,5,B11001|B11002|B12101|B13003|B13011
MH::dpcn-veneto::a627605a68ff,Crespano del Grappa CMT,dpcn-veneto,45.8417,11.84066,385.0,False,5,B11001|B11002|B12101|B13003|B13011
MH::dpcn-veneto::a6992a4577a0,Cessalto,dpcn-veneto,45.7337,12.67472,5.0,False,1,B13215
MH::dpcn-veneto::a6b0b8e8d799,Veggiano,dpcn-veneto,45.44543,11.72222,20.0,False,1,B13215
MH::dpcn-veneto::a8b5312a26fd,Longare,dpcn-veneto,45.48502,11.60342,25.0,False,1,B13215
MH::dpcn-veneto::a990a22e4b60,Borgofrassine,dpcn-veneto,45.25141,11.48111,16.0,False,1,B13215
MH::dpcn-veneto::ab2b698073f1,Villaggio del Sole,dpcn-veneto,45.84011,11.72923,771.0,False,1,B13011
MH::dpcn-veneto::abebeae60427,Asiago Aeroporto CMT,dpcn-veneto,45.88276,11.51125,0.0,False,7,B10004|B11001|B11002|B11041|B12101|B13003|B13011
MH::dpcn-veneto::ac314bbfc955,MONTE CHERZ,dpcn-veneto,46.51583,11.87944,0.0,False,6,B11001|B11002|B11041|B12101|B13003|B13013
MH::dpcn-veneto::ad4177b8d0d1,Asolo,dpcn-veneto,45.78577,11.89466,95.0,False,3,B12101|B13011|B13215
MH::dpcn-veneto::aefaa7e8e0e3,La Guarda CMT,dpcn-veneto,46.12828,11.94478,0.0,False,2,B12101|B13011
MH::dpcn-veneto::af1273c9b7ef,Conegliano Veneto CMT,dpcn-veneto,45.88132,12.28233,73.0,False,5,B11001|B11002|B12101|B13003|B13011
MH::dpcn-veneto::b0652a291009,Montegalda CMT,dpcn-veneto,45.44958,11.66199,24.0,False,5,B11001|B11002|B12101|B13003|B13011
MH::dpcn-veneto::b0c170fff70f,Treviso Citta' CMT,dpcn-veneto,45.68093,12.22155,18.0,False,3,B12101|B13003|B13011
MH::dpcn-veneto::b6c0dc1ce998,Faverghera,dpcn-veneto,46.07508,12.30125,1300.0,False,6,B11001|B11002|B11041|B12101|B13003|B13013
MH::dpcn-veneto::b6ef2eb26e53,Fortogna CMT,dpcn-veneto,46.23167,12.29032,0.0,False,2,B12101|B13011
MH::dpcn-veneto::b80a1cac7cf5,Vo' Vecchio,dpcn-veneto,45.32544,11.61714,15.0,False,1,B13215
MH::dpcn-veneto::b8ef3256e300,Castana CMT,dpcn-veneto,45.81485,11.30868,0.0,False,6,B11001|B11002|B11041|B12101|B13003|B13011
MH::dpcn-veneto::b9c3a739f477,Villanova CMT,dpcn-veneto,46.44327,12.20626,961.0,False,5,B11001|B11002|B12101|B13003|B13011
MH::dpcn-veneto::bf8bf27e8fd4,Gorgo Monticano,dpcn-veneto,45.78572,12.53899,9.0,False,2,B13011|B13215
MH::dpcn-veneto::c003fef260a9,Belluno Aerop. CMT,dpcn-veneto,46.16468,12.24471,376.0,False,5,B11001|B11002|B12101|B13003|B13011
MH::dpcn-veneto::c0bf6a5ea93a,Montegalda,dpcn-veneto,45.44273,11.67232,22.0,False,1,B13215
MH::dpcn-veneto::c0d8246a9fa5,Dolci CMT,dpcn-veneto,45.42428,10.68714,0.0,False,6,B11001|B11002|B11041|B12101|B13003|B13011
MH::dpcn-veneto::c4e05cc82b9d,Castelfranco Veneto,dpcn-veneto,45.66984,11.92028,42.0,False,3,B12101|B13011|B13215
MH::dpcn-veneto::c543b4ccfb4a,Ariano,dpcn-veneto,44.94389,12.12194,4.0,False,1,B13215
MH::dpcn-veneto::c56f96407a5d,Biois a Cencenighe,dpcn-veneto,46.35237,11.96646,777.0,False,3,B12101|B13011|B13215
MH::dpcn-veneto::c704f054c405,Tonezza del Cimone CMT,dpcn-veneto,45.86708,11.33559,0.0,False,2,B12101|B13011
MH::dpcn-veneto::c7752ccc42fa,Lusiana CMT,dpcn-veneto,45.78348,11.58835,0.0,False,6,B11001|B11002|B11041|B12101|B13003|B13011
MH::dpcn-veneto::c84a4d8b78c1,S.Dona'di Piave,dpcn-veneto,45.62541,12.56309,3.0,True,1,B13215
MH::dpcn-veneto::ca77ebfb0ba7,Illasi a Badia Calavena (BIM Adi,dpcn-veneto,45.58385,11.15115,0.0,False,1,B13215
MH::dpcn-veneto::ca90db14046e,Vittorio Veneto,dpcn-veneto,45.99068,12.30033,130.0,False,1,B13215
MH::dpcn-veneto::caaff0685441,La Salute di Livenza,dpcn-veneto,45.65563,12.80028,5.0,True,1,B13215
MH::dpcn-veneto::cb407e4e455c,Bardolino CMT,dpcn-veneto,45.51796,10.76591,159.0,False,5,B11001|B11002|B12101|B13003|B13011
MH::dpcn-veneto::cbedec5532df,Gaiarine CMT,dpcn-veneto,45.89218,12.49349,17.0,False,3,B12101|B13003|B13011
MH::dpcn-veneto::cc633ecd5922,Stru00e0 CMT,dpcn-veneto,45.41067,12.00851,0.0,False,2,B12101|B13011
MH::dpcn-veneto::cc7302d34287,Tribano Ponte Zata CMT,dpcn-veneto,45.18669,11.8488,0.0,False,5,B11001|B11002|B12101|B13003|B13011
MH::dpcn-veneto::ce226a3c5e39,Boscochiesanuova CMT,dpcn-veneto,45.61935,11.03859,1014.0,False,5,B11001|B11002|B12101|B13003|B13011
MH::dpcn-veneto::d0320bc14d12,Pontelagoscuro SIAP,dpcn-veneto,44.88882,11.60701,9.0,False,1,B13215
MH::dpcn-veneto::d0502eb689f7,Col dei Baldi,dpcn-veneto,46.41522,12.07313,1771.0,False,7,B10004|B11001|B11002|B11041|B12101|B13003|B13013
MH::dpcn-veneto::d053c7f940d0,Monte Grappa,dpcn-veneto,45.8694,11.78247,1441.0,False,7,B10004|B11001|B11002|B11041|B12101|B13003|B13013
MH::dpcn-veneto::d138b5f86d60,Crespadoro CMT,dpcn-veneto,45.62554,11.20932,0.0,False,5,B11001|B11002|B11041|B12101|B13003
MH::dpcn-veneto::d15e751fb5a5,M.te Cesen CMT,dpcn-veneto,45.94524,12.02088,1552.0,False,4,B11001|B11002|B12101|B13003
MH::dpcn-veneto::d1c1a1cc9cc1,Perarolo CMT,dpcn-veneto,46.39415,12.35658,527.0,False,5,B11001|B11002|B12101|B13003|B13011
MH::dpcn-veneto::d1ec99f6e4e9,Stra,dpcn-veneto,45.40613,11.99972,8.0,False,1,B13215
MH::dpcn-veneto::d2725db5a9f8,Monteforte I.,dpcn-veneto,45.41397,11.28538,37.0,False,1,B13215
MH::dpcn-veneto::d2e618e555a9,Cavarzere,dpcn-veneto,45.13833,12.08186,3.0,True,1,B13215
MH::dpcn-veneto::d3b2771940ce,S.Vito Veronese,dpcn-veneto,45.40736,11.28231,32.0,False,1,B13215
MH::dpcn-veneto::d74cee131a08,Ornella,dpcn-veneto,46.47569,11.88628,2259.0,False,6,B11001|B11002|B11041|B12101|B13003|B13013
MH::dpcn-veneto::d7b4884092c3,Mogliano Veneto CMT,dpcn-veneto,45.58074,12.30779,5.0,True,5,B11001|B11002|B12101|B13003|B13011
MH::dpcn-veneto::dc2687224dc4,Feltre CMT,dpcn-veneto,46.0162,11.89463,273.0,False,5,B11001|B11002|B12101|B13003|B13011
MH::dpcn-veneto::dc499d43da79,Staro CMT,dpcn-veneto,45.72572,11.22635,0.0,False,2,B12101|B13011
MH::dpcn-veneto::dc519f68c76b,Casera Palantina,dpcn-veneto,46.11894,12.47589,1541.0,False,6,B11001|B11002|B11041|B12101|B13003|B13013
MH::dpcn-veneto::dc5e78998246,Valstagna,dpcn-veneto,45.86245,11.65923,704.0,False,1,B13011
MH::dpcn-veneto::dc91bc84a811,Fossalta di Portogruaro CMT,dpcn-veneto,45.77567,12.89394,3.0,True,3,B12101|B13003|B13011
MH::dpcn-veneto::e02c2a0798d5,Brancaglia,dpcn-veneto,45.24482,11.6378,15.0,False,1,B13215
MH::dpcn-veneto::e09faa291667,Nervesa d.Battaglia,dpcn-veneto,45.83097,12.2062,93.0,False,1,B13215
MH::dpcn-veneto::e1a57ba15d5b,Fener CMT,dpcn-veneto,45.89856,11.94674,0.0,False,2,B12101|B13011
MH::dpcn-veneto::e25869a534cb,Lugo di Vicenza,dpcn-veneto,45.74037,11.52328,148.0,False,3,B12101|B13011|B13215
MH::dpcn-veneto::e7e5a4b796e4,Col di Pru00e0,dpcn-veneto,46.29599,11.92891,0.0,False,3,B12101|B13003|B13011
MH::dpcn-veneto::e8167edac43c,Domegge CMT,dpcn-veneto,46.46095,12.41036,794.0,False,5,B11001|B11002|B12101|B13003|B13011
MH::dpcn-veneto::ebba6bfaeb8e,Nogarolo di Tarzo,dpcn-veneto,45.98658,12.24608,344.0,False,2,B12101|B13011
MH::dpcn-veneto::ec8b9c2c1a33,Malo CMT,dpcn-veneto,45.66931,11.46439,98.0,False,5,B11001|B11002|B12101|B13003|B13011
MH::dpcn-veneto::ecaa2fed1cef,Bassano del Grappa CMT,dpcn-veneto,45.78505,11.73018,127.0,False,3,B12101|B13003|B13011
MH::dpcn-veneto::ecce13903810,Bovolenta,dpcn-veneto,45.27244,11.93894,5.0,False,1,B13215
MH::dpcn-veneto::edb1a2d0f20c,Ponte Tezze,dpcn-veneto,45.53184,11.36063,0.0,False,1,B13215
MH::dpcn-veneto::edc5568e8c43,1-INADEF (Rudan sentiero CAI),dpcn-veneto,46.43261,12.25952,0.0,False,1,B13011
MH::dpcn-veneto::ee6c66a5ab00,Agordo CMT,dpcn-veneto,46.27805,12.03319,582.0,False,3,B12101|B13003|B13011
MH::dpcn-veneto::ee8726a021fe,Rifugio la Guardia CMT,dpcn-veneto,45.71822,11.18156,0.0,False,6,B11001|B11002|B11041|B12101|B13003|B13011
MH::dpcn-veneto::ef31e0cf91ab,Ra Valles,dpcn-veneto,46.54917,12.07692,2109.0,False,6,B11001|B11002|B11041|B12101|B13003|B13013
MH::dpcn-veneto::f095fa247383,Piave a Ponte Lasta,dpcn-veneto,46.53756,12.52162,917.0,False,1,B13215
MH::dpcn-veneto::f18f16c38952,Misurina CMT,dpcn-veneto,46.57641,12.25007,1743.0,False,5,B11001|B11002|B12101|B13003|B13011
MH::dpcn-veneto::f1a29453bc0c,Lisser,dpcn-veneto,45.95425,11.65097,1404.0,False,7,B10004|B11001|B11002|B11041|B12101|B13003|B13013
MH::dpcn-veneto::f1c2ee4f6e95,Valli del Pasubio CMT,dpcn-veneto,45.7571,11.21496,0.0,False,6,B11001|B11002|B11041|B12101|B13003|B13011
MH::dpcn-veneto::f21d799c4de8,Gesia-Cavarzere CMT,dpcn-veneto,45.1615,12.0872,0.0,True,5,B11001|B11002|B12101|B13003|B13011
MH::dpcn-veneto::f537bfb569bd,Brendola CMT,dpcn-veneto,45.47209,11.46922,0.0,False,5,B11001|B11002|B12101|B13003|B13011
MH::dpcn-veneto::f6638e1b0453,Borgo Campion,dpcn-veneto,45.95928,12.34003,95.0,False,1,B13215
MH::dpcn-veneto::f865f8d011e3,Ponte di Piave,dpcn-veneto,45.71127,12.45465,11.0,False,1,B13215
MH::dpcn-veneto::f8cf58e58f99,Stallis,dpcn-veneto,45.83913,12.8613,11.0,False,1,B13215
MH::dpcn-veneto::f9055cf094b6,Passo Monte Croce CMT,dpcn-veneto,46.65215,12.42397,1620.0,False,5,B11001|B11002|B12101|B13003|B13011
MH::dpcn-veneto::fa0b749daa80,Rio Rudan (Antelao),dpcn-veneto,46.442,12.26433,0.0,False,1,B13011
MH::dpcn-veneto::fa2f2ec5d74b,Bovolenta CMT,dpcn-veneto,45.27657,11.93263,0.0,False,2,B12101|B13011
MH::dpcn-veneto::fc6e5d1c6a1f,Limena,dpcn-veneto,45.51774,11.83185,22.0,False,1,B13215
MH::dpcn-veneto::fd3a5096abff,Passo Santa Caterina CMT,dpcn-veneto,45.61916,11.25935,0.0,False,6,B11001|B11002|B11041|B12101|B13003|B13011
MH::dpcn-veneto::fdae74675797,Barzizza,dpcn-veneto,45.77741,11.73054,119.0,False,1,B13215
MH::dpcn-veneto::fe23ebcfb00e,Monte Baldo,dpcn-veneto,45.77314,10.86569,1542.0,False,7,B10004|B11001|B11002|B11041|B12101|B13003|B13013
MH::dpcn-veneto::fe78a87cd77f,Motta di Livenza,dpcn-veneto,45.77437,12.61655,7.0,False,1,B13215
MH::marefe::7a2a1b698d6b,Bellocchio,marefe,44.62028,12.23556,0.0,True,6,B13080|B13083|B13215|B13231|B22043|B22062
MH::marefe::f6c99a3d82d1,Bocca Scanno,marefe,44.79669,12.32313,0.0,False,5,B13080|B13083|B13231|B22043|B22062
MH::simnbo::03428de79ad2,Bologna Torre Asinelli,simnbo,44.4942,11.34677,148.0,False,5,B11001|B11002|B11041|B11043|B12101
MH::simnbo::045ad709ec43,Codigoro,simnbo,44.82999,12.10704,0.0,False,1,B13215
MH::simnbo::054b89abeb4e,Sesto Imolese,simnbo,44.45876,11.73595,24.0,False,1,B13215
MH::simnbo::065eda61fa3c,Corniolo,simnbo,43.90708,11.79314,553.0,False,3,B12101|B13003|B13011
MH::simnbo::0a00eda94793,Anzola Ghironda,simnbo,44.55208,11.19653,39.0,False,1,B13215
MH::simnbo::0bab39e15af7,Castelbolognese,simnbo,44.31006,11.82482,42.0,False,1,B13215
MH::simnbo::0bfb10a48845,Casalecchio canonica,simnbo,44.48787,11.28812,54.0,False,1,B13011
MH::simnbo::0d36f81c1e09,Battiferro Monte,simnbo,44.52053,11.33462,32.0,False,1,B13215
MH::simnbo::0e85b11ecd0e,Accursi cassa,simnbo,44.57626,11.71165,18.0,False,1,B13215
MH::simnbo::10e135c92eea,Ponte Uso,simnbo,43.97765,12.30275,161.0,False,4,B12101|B13003|B13011|B13215
MH::simnbo::10eaa3855e41,Madonna dei Fornelli,simnbo,44.21571,11.25681,900.0,False,7,B11001|B11002|B11041|B11043|B12101|B13003|B13011
MH::simnbo::1162afa55be1,Vergato,simnbo,44.2878,11.11313,193.0,False,7,B11001|B11002|B11041|B11043|B12101|B13011|B13215
MH::simnbo::12190deba2bd,Casoni di Romagna,simnbo,44.2536,11.42536,708.0,False,2,B12101|B13011
MH::simnbo::16b79f65b8e0,Diga di Pavana,simnbo,44.11827,11.00561,474.0,False,3,B12101|B13003|B13011
MH::simnbo::1860f6bdc972,Cattolica,simnbo,43.95847,12.7394,5.0,True,2,B12101|B13011
MH::simnbo::18d3dee8fb5a,Secondo Salto,simnbo,44.78278,11.37016,16.0,False,2,B13011|B13215
MH::simnbo::1a6ebe611271,Monghidoro,simnbo,44.22519,11.32364,825.0,False,2,B12101|B13011
MH::simnbo::1a848d255777,Guagnino,simnbo,44.6884,12.21161,1.0,True,7,B10004|B11001|B11002|B11041|B11043|B12101|B13011
MH::simnbo::1ac210e65844,Lavino di Sopra,simnbo,44.49076,11.22104,75.0,False,2,B13011|B13215
MH::simnbo::1baf51358fea,Monzuno,simnbo,44.28002,11.26172,613.0,False,3,B12101|B13003|B13011
MH::simnbo::1bf29cf54b21,Marina di Ravenna,simnbo,44.48044,12.27744,-1.0,True,3,B12101|B13003|B13011
MH::simnbo::1dc47c781327,Beccara Nuova Reno,simnbo,44.59196,11.84727,15.0,False,1,B13215
MH::simnbo::202b53ab8d64,Ponte Felisio,simnbo,44.34989,11.86741,27.0,False,1,B13215
MH::simnbo::20e4490a6930,Fusignano,simnbo,44.46538,11.9683,18.0,False,1,B13215
MH::simnbo::20ea40b48b45,Ponte via Allocco,simnbo,44.33434,11.26869,139.0,False,1,B13215
MH::simnbo::222f7d2f75e0,Novafeltria,simnbo,43.90111,12.28611,331.0,False,3,B12101|B13003|B13011
MH::simnbo::248ff6af2547,Prugnolo,simnbo,44.38998,11.49457,276.0,False,1,B13011
MH::simnbo::264f53da6758,Monteombraro,simnbo,44.37632,11.00875,700.0,False,2,B12101|B13011
MH::simnbo::26aef9460db0,Gandazzolo Reno,simnbo,44.67307,11.62513,9.0,False,1,B13215
MH::simnbo::2a136a933458,Opera Po,simnbo,44.92781,11.44087,17.0,False,2,B13011|B13215
MH::simnbo::2b935efb7ede,S. Ruffillo Savena,simnbo,44.45378,11.36519,92.0,False,2,B13011|B13215
MH::simnbo::2e700f1cdfdb,Settefonti,simnbo,44.40274,11.46209,321.0,False,8,B11001|B11002|B11041|B11043|B12101|B13003|B13011|B14198
MH::simnbo::2f399e706b94,Brocchetti cassa,simnbo,44.57979,11.7804,15.0,False,1,B13215
MH::simnbo::2fb002e43a22,Bentivoglio,simnbo,44.6321,11.41918,19.0,False,1,B13215
MH::simnbo::33401a2a5001,Serpieri,simnbo,44.54841,11.36743,28.0,False,8,B11001|B11002|B11041|B11043|B12101|B13003|B13011|B14198
MH::simnbo::3344fb18c6bd,Portonovo,simnbo,44.52811,11.76422,19.0,False,1,B13215
MH::simnbo::35b96a2e734d,Alfonsine,simnbo,44.50393,12.04777,14.0,False,1,B13215
MH::simnbo::3aa47151a64e,Bazzano,simnbo,44.50828,11.08392,82.0,False,2,B13011|B13215
MH::simnbo::3b21d60f8db9,Alberino,simnbo,44.64899,11.65006,11.0,False,1,B13011
MH::simnbo::3b5f47679ed6,Castenaso,simnbo,44.50748,11.47017,38.0,False,1,B13215
MH::simnbo::3f65f03746ee,GIRALDA meteo,simnbo,44.81376,12.24834,-1.0,True,7,B11001|B11002|B11041|B11043|B12101|B13003|B13011
MH::simnbo::417ddafb4996,Santarcangelo di Romagna,simnbo,44.06832,12.43751,38.0,True,2,B13011|B13215
MH::simnbo::41a43ad979ef,Boschi Baricella,simnbo,44.69078,11.55854,11.0,False,1,B13215
MH::simnbo::4205075be59d,Porretta Terme,simnbo,44.15404,10.9773,352.0,False,3,B12101|B13011|B13215
MH::simnbo::42b18bd489a2,Barco,simnbo,44.06085,11.39765,720.0,False,4,B10004|B12101|B13011|B13013
MH::simnbo::42f946118d1e,Malalbergo Navile,simnbo,44.7179,11.52949,6.0,False,1,B13215
MH::simnbo::46c44b05b508,Verghereto,simnbo,43.79417,12.00472,805.0,False,3,B12101|B13003|B13011
MH::simnbo::49138a113590,Bentivoglio Navile,simnbo,44.63566,11.4218,17.0,False,1,B13215
MH::simnbo::4a4ac966c0a1,Bagnetto Reno,simnbo,44.68542,11.26147,28.0,False,1,B13215
MH::simnbo::4bc312d654b1,Burana,simnbo,44.8775,11.43194,11.0,False,1,B13215
MH::simnbo::4cec23f5f858,Saletto,simnbo,44.63232,11.44114,18.0,False,3,B12101|B13011|B13215
MH::simnbo::4d1d531907a6,Ravone,simnbo,44.48,11.31472,76.0,False,1,B13215
MH::simnbo::504aac2a478c,Marzocchina,simnbo,44.3315,11.52969,128.0,False,1,B13215
MH::simnbo::52a2cdf8c3d4,Rimini SS16,simnbo,44.06141,12.54197,10.0,True,1,B13215
MH::simnbo::52f2d96ab061,Anzola,simnbo,44.55208,11.19663,37.0,False,1,B13011
MH::simnbo::539d1801c22e,Imola,simnbo,44.34535,11.71292,42.0,False,3,B12101|B13011|B13215
MH::simnbo::56aeb0b697d8,Umana,simnbo,44.57337,12.10134,-1.0,True,8,B11001|B11002|B11041|B11043|B12101|B13003|B13011|B14198
MH::simnbo::56cd5976644f,Battiferro Valle,simnbo,44.52138,11.33483,32.0,False,1,B13215
MH::simnbo::56f735bb6c64,Canocchia Botte monte,simnbo,44.5342,11.2803,36.0,False,1,B13011
MH::simnbo::57fd01ba9e56,Vergato DX,simnbo,44.28778,11.11359,193.0,False,1,B13215
MH::simnbo::58772f7fb134,Accursi Idice,simnbo,44.57611,11.71154,18.0,False,1,B13215
MH::simnbo::592dda93418d,Ravone Via del Chiu,simnbo,44.50146,11.32286,55.0,False,1,B13215
MH::simnbo::5ac069a1cdcf,Morciano di Romagna,simnbo,43.91441,12.64204,79.0,True,1,B13215
MH::simnbo::5ba48b844f3a,La Dozza,simnbo,44.54504,11.37757,35.0,False,1,B13215
MH::simnbo::5c546b223fc1,Riola di Vergato,simnbo,44.23029,11.05908,254.0,False,3,B12101|B13003|B13011
MH::simnbo::5ccf7d789b09,Pianoro,simnbo,44.37101,11.3399,174.0,False,2,B13011|B13215
MH::simnbo::5d2f6a8ff10b,Saludecio,simnbo,43.87389,12.66972,328.0,True,3,B12101|B13003|B13011
MH::simnbo::5dd8d31945e7,Premilcuore,simnbo,43.98494,11.78709,427.0,False,3,B12101|B13003|B13011
MH::simnbo::5e0bd59298a4,Piancaldoli,simnbo,44.2148,11.43299,500.0,False,1,B13011
MH::simnbo::5ebbba397dd6,Varignana lago rio rosso,simnbo,44.41408,11.52486,87.0,False,1,B13011
MH::simnbo::5ec4b7c20f4c,Chiavicone Idice,simnbo,44.57933,11.86129,14.0,False,1,B13215
MH::simnbo::61ead1cd4677,Canonica Valle,simnbo,44.48884,11.29004,54.0,False,1,B13215
MH::simnbo::623f4750a339,S. Giorgio Deserto,simnbo,44.67466,11.3671,24.0,False,1,B13011
MH::simnbo::63069d5ebb5b,Treppio,simnbo,44.08158,11.03296,650.0,False,2,B12101|B13011
MH::simnbo::638ca0913a1e,S. Agata,simnbo,44.4388,11.86575,20.0,False,1,B13215
MH::simnbo::6534e826ff1a,Diga di Brasimone,simnbo,44.12921,11.11764,840.0,False,3,B12101|B13003|B13011
MH::simnbo::66672fa0b2ce,Foscaglia Panaro,simnbo,44.82459,11.28766,20.0,False,1,B13215
MH::simnbo::66c85b8a8d0b,Gandazzolo Savena,simnbo,44.67293,11.62491,9.0,False,1,B13215
MH::simnbo::67cc9b6e5757,S. Antonio Renana,simnbo,44.56532,11.71696,10.0,False,1,B13011
MH::simnbo::683ed7f54d74,Dosso,simnbo,44.76419,11.34978,26.0,False,1,B13215
MH::simnbo::692fa988aa85,Centonara,simnbo,44.47195,11.51056,41.0,False,2,B13011|B13215
MH::simnbo::6be4a4b79241,Travallino,simnbo,44.67442,11.56957,14.0,False,1,B13011
MH::simnbo::6c1ce0830032,Codrignano,simnbo,44.29826,11.64086,70.0,False,1,B13215
MH::simnbo::6d513f94ebaf,Monteacuto delle Alpi,simnbo,44.13638,10.88741,900.0,False,4,B10004|B12101|B13011|B13013
MH::simnbo::6e5335f45753,Pracchia,simnbo,44.05404,10.90557,620.0,False,3,B12101|B13011|B13215
MH::simnbo::6f93797043de,Impianto Forcelli Lavino,simnbo,44.61295,11.23298,33.0,False,1,B13215
MH::simnbo::6fc7d9ababd6,Farneto,simnbo,44.43615,11.40684,85.0,False,2,B13011|B13215
MH::simnbo::75c772e330b3,Ponte Bastia,simnbo,44.57745,11.8752,10.0,False,1,B13215
MH::simnbo::76696ad18997,Opera Po Mandracchio,simnbo,44.92744,11.44069,9.0,False,1,B13215
MH::simnbo::76dfb096e2b7,S. Ruffillo Canale,simnbo,44.45353,11.36644,92.0,False,1,B13215
MH::simnbo::7a7d78fcf175,Casola Valsenio,simnbo,44.22714,11.63234,154.0,False,2,B13011|B13215
MH::simnbo::7af0cbddb3b5,Tredozio,simnbo,44.082,11.74533,330.0,False,3,B12101|B13003|B13011
MH::simnbo::7c42a1c3e2fe,Ca' Bortolani,simnbo,44.3468,11.08455,691.0,False,6,B11001|B11002|B11041|B11043|B12101|B13011
MH::simnbo::7ce6663c2cf2,Malborghetto di Boara,simnbo,44.85892,11.65625,2.0,False,9,B10004|B11001|B11002|B11041|B11043|B12101|B13003|B13011|B14198
MH::simnbo::80571de00f35,Linaro,simnbo,44.00078,12.11278,145.0,False,1,B13215
MH::simnbo::80ad360e4290,Castel San Pietro,simnbo,44.38103,11.58841,74.0,False,1,B13215
MH::simnbo::80e18bff33a3,Fiscaglia Valle,simnbo,44.77891,11.94541,5.0,False,1,B13215
MH::simnbo::8130aab19c30,Loiano Ponte Savena,simnbo,44.26821,11.29197,540.0,False,1,B13215
MH::simnbo::82580a6c5a44,Rimini Ausa,simnbo,44.05651,12.54549,10.0,True,3,B12101|B13011|B13215
MH::simnbo::847a09672f33,Lavino di Sotto,simnbo,44.58426,11.23027,36.0,False,1,B13215
MH::simnbo::84d317f562e4,Chiavicone Reno,simnbo,44.57932,11.86156,15.0,False,1,B13215
MH::simnbo::86107063d7fb,Codigoro,simnbo,44.83504,12.09804,1.0,False,3,B12101|B13003|B13011
MH::simnbo::870c5b2a6b8f,Chiavica Bastia Sillaro,simnbo,44.57819,11.86149,15.0,False,1,B13215
MH::simnbo::87438c2e4c84,Cotignola,simnbo,44.38305,11.94246,25.0,False,1,B13215
MH::simnbo::893215f487a3,Arcoveggio,simnbo,44.54028,11.34825,28.0,False,1,B13215
MH::simnbo::8a310d3d2674,Bonconvento,simnbo,44.60927,11.31382,32.0,False,1,B13215
MH::simnbo::8ab20495d200,Rocca San Casciano Meteo,simnbo,44.05597,11.84312,250.0,False,3,B12101|B13003|B13011
MH::simnbo::8bc850014cfc,Suviana,simnbo,44.13444,11.04081,472.0,False,1,B13215
MH::simnbo::8c5e3452e631,S. Cassiano sul Lamone,simnbo,44.14833,11.69139,226.0,False,4,B10004|B12101|B13003|B13011
MH::simnbo::8c8c4f08ae04,Paltrone Samoggia,simnbo,44.57909,11.18259,41.0,False,1,B13215
MH::simnbo::8d670611f5a4,Bologna San Luca,simnbo,44.4787,11.29836,286.0,False,3,B12101|B13003|B13011
MH::simnbo::8dd75839fb78,Casteldelci,simnbo,43.78817,12.14274,720.0,False,3,B12101|B13003|B13011
MH::simnbo::8f860cbe6aa8,Riccardina,simnbo,44.55379,11.52686,19.0,False,1,B13215
MH::simnbo::9383426dcb8f,Le Taverne,simnbo,44.24923,11.5875,486.0,False,1,B13011
MH::simnbo::9e4b7b5a0831,Invaso,simnbo,44.22625,11.22257,460.0,False,4,B12101|B13003|B13011|B13215
MH::simnbo::a02236aeed3f,S. Antonio,simnbo,44.5748,11.70609,17.0,False,1,B13215
MH::simnbo::a2d2fe0f64e1,Idrovora Fosso Ghiaia,simnbo,44.35313,12.26505,-2.0,True,3,B12101|B13003|B13011
MH::simnbo::a38f605f1ee1,Monte Ceresa,simnbo,44.34746,11.39303,411.0,False,1,B13011
MH::simnbo::a549c2c2db61,Correcchio Sillaro,simnbo,44.45013,11.7296,25.0,False,2,B13011|B13215
MH::simnbo::a63de1024b77,Pontelagoscuro idrometro Boicell,simnbo,44.8849,11.60363,2.0,False,2,B13082|B13215
MH::simnbo::a68f6a33418a,S. Clemente,simnbo,44.31916,11.49065,166.0,False,1,B13011
MH::simnbo::a88e97f0630d,Paderno,simnbo,44.45556,11.31083,194.0,False,3,B12101|B13003|B13011
MH::simnbo::a8bdba3d495d,Ponte Locatello,simnbo,44.24686,11.18632,258.0,False,1,B13215
MH::simnbo::a8d88d11a7f5,Martinella,simnbo,44.71096,11.88483,-3.0,False,8,B11001|B11002|B11041|B11043|B12101|B13003|B13011|B14198
MH::simnbo::aa00d42b1bdd,Pennabilli,simnbo,43.81986,12.27411,629.0,False,8,B10004|B11001|B11002|B11041|B11043|B12101|B13011|B14198
MH::simnbo::aa6eed7097de,Cusercoli Idro,simnbo,44.04414,12.00597,120.0,False,1,B13215
MH::simnbo::af0fa345fe5a,Bondeno Panaro,simnbo,44.883,11.41434,13.0,False,1,B13215
MH::simnbo::af5574d6b2ec,Gallo,simnbo,44.7241,11.54538,21.0,False,1,B13215
MH::simnbo::b02ba185ef54,Fiscaglia Monte,simnbo,44.77882,11.94529,5.0,False,1,B13215
MH::simnbo::b187915f00f9,Fondo Martignone,simnbo,44.5203,11.1678,38.0,False,1,B13011
MH::simnbo::b1a48ccedd64,Palazzuolo sul Senio,simnbo,44.11647,11.54608,500.0,False,1,B13011
MH::simnbo::b21e10dddb7d,Malalbergo,simnbo,44.71796,11.52265,12.0,False,1,B13011
MH::simnbo::b436a91a3b87,Castelmaggiore,simnbo,44.55741,11.36633,25.0,False,1,B13215
MH::simnbo::b5d97f16fc61,Navile Valle,simnbo,44.52066,11.33472,32.0,False,1,B13215
MH::simnbo::b87446296cfb,Madonna,simnbo,44.74405,11.42263,15.0,False,1,B13011
MH::simnbo::bb6569ec957d,Palesio,simnbo,44.40798,11.50303,99.0,False,1,B13215
MH::simnbo::bccb75b8371e,Molinetto,simnbo,44.43479,11.69647,29.0,False,1,B13011
MH::simnbo::bfa3f23ef23a,Monte Colombo,simnbo,43.92705,12.58065,217.0,True,3,B12101|B13003|B13011
MH::simnbo::c150e298e287,Ponte Verucchio,simnbo,43.9829,12.40511,116.0,True,2,B13011|B13215
MH::simnbo::c325fd6e045e,Casoni,simnbo,44.63905,11.47251,18.0,False,1,B13215
MH::simnbo::c4f109ecce91,Correcchio canale,simnbo,44.45019,11.72971,25.0,False,1,B13215
MH::simnbo::c4f3da6112a6,Casalecchio tiro a volo,simnbo,44.48023,11.28208,54.0,False,1,B13215
MH::simnbo::c9a5155b2fad,Borgo Tossignano,simnbo,44.27467,11.57899,98.0,False,2,B13011|B13215
MH::simnbo::ca55f4a1f3e0,Cassa Dosolo,simnbo,44.6539,11.2686,22.0,False,6,B11001|B11002|B11041|B12101|B13003|B13011
MH::simnbo::cc460ad03d57,Pizzocalvo,simnbo,44.44914,11.43922,64.0,False,1,B13215
MH::simnbo::cc891a7cbb63,Casalecchio canale,simnbo,44.47563,11.2811,63.0,False,2,B13011|B13215
MH::simnbo::cd23034b69ca,Badia Tedalda,simnbo,43.69223,12.13623,850.0,False,8,B10004|B11001|B11002|B11041|B11043|B12101|B13003|B13011
MH::simnbo::ce4b0311dfe8,Silla,simnbo,44.18306,10.97047,339.0,False,1,B13215
MH::simnbo::ced78261dc84,Ravone Torretta,simnbo,44.46783,11.31244,105.0,False,1,B13215
MH::simnbo::d3176d21b92d,Opera Reno Panfilia,simnbo,44.77849,11.36893,24.0,False,1,B13215
MH::simnbo::d450d0a04201,Bassarone cassa,simnbo,44.61111,11.823,5.0,False,2,B13011|B13215
MH::simnbo::d468eda9b91d,Bologna idrografico,simnbo,44.49972,11.34611,84.0,False,4,B10004|B12101|B13003|B13011
MH::simnbo::d5b4cf15b4ae,Mordano,simnbo,44.39378,11.81481,25.0,False,1,B13215
MH::simnbo::d6175fdc9ddb,Ponte Messa,simnbo,43.82639,12.25194,330.0,False,1,B13215
MH::simnbo::da90e15313e6,Monte Albano,simnbo,44.22432,11.67342,480.0,False,1,B13011
MH::simnbo::dabdc434d6f7,Ghisiliera Via Sabotino,simnbo,44.49728,11.32228,55.0,False,1,B13215
MH::simnbo::dd1f71175676,Budrio Olmo,simnbo,44.54052,11.56922,18.0,False,1,B13011
MH::simnbo::dd837e6bb086,Cottede,simnbo,44.10962,11.16931,794.0,False,2,B12101|B13011
MH::simnbo::df41d1f4a902,Casalecchio chiusa,simnbo,44.47318,11.28243,65.0,False,1,B13215
MH::simnbo::e231d065846f,Bova,simnbo,44.50636,11.33286,37.0,False,1,B13215
MH::simnbo::e44ac37ebd8a,Cassa Bentivoglio,simnbo,44.61944,11.41222,19.0,False,2,B13082|B13215
MH::simnbo::e49976a02cd2,Sostegno Reno,simnbo,44.66547,11.27237,24.0,False,2,B13011|B13215
MH::simnbo::e5f5e72a1ee6,Monte Faggiola,simnbo,44.1444,11.49666,929.0,False,1,B13011
MH::simnbo::e7ce6fd9db5d,Calcara,simnbo,44.54736,11.13301,50.0,False,1,B13215
MH::simnbo::e988ccad4727,Sasso Marconi,simnbo,44.38151,11.24785,105.0,False,1,B13215
MH::simnbo::e9c675648a67,Cento,simnbo,44.72121,11.29579,26.0,False,1,B13215
MH::simnbo::ee4c47da4cb5,Ponte Ronca,simnbo,44.49249,11.18661,74.0,False,1,B13215
MH::simnbo::eed3f62002a4,DIga di Quarto,simnbo,43.89078,12.08634,336.0,False,3,B12101|B13003|B13011
MH::simnbo::ef8446738fbe,Loiano Renana,simnbo,44.26352,11.34155,675.0,False,1,B13011
MH::simnbo::f01f82d5fac0,Riola di Labante,simnbo,44.26117,11.03537,623.0,False,1,B13011
MH::simnbo::f0e5aaa8a86a,Diga di Suviana,simnbo,44.13436,11.0428,478.0,False,3,B12101|B13003|B13011
MH::simnbo::f13e3d3662d5,Monte San Pietro,simnbo,44.4403,11.13837,291.0,False,3,B12101|B13003|B13011
MH::simnbo::f4dda7a0dd0d,Dozza,simnbo,44.53397,11.36817,42.0,False,1,B13011
MH::simnbo::f50e9f9bb413,Firenzuola,simnbo,44.12201,11.37465,476.0,False,2,B12101|B13011
MH::simnbo::f610fd893a86,S. Marino,simnbo,43.93753,12.44649,680.0,True,3,B12101|B13011|B13013
MH::simnbo::f8509996221f,Villa Ghigi,simnbo,44.47611,11.32556,203.0,False,3,B12101|B13003|B13011
MH::simnbo::fbaccd01ed4a,S. Bernardino,simnbo,44.51584,11.88402,17.0,False,1,B13215
MH::simnbo::fc7d15b84320,Castel del Rio,simnbo,44.21436,11.50565,183.0,False,3,B12101|B13003|B13011
MH::simnbo::fc83eeb42f9d,S. Martino in Casola,simnbo,44.48405,11.15124,125.0,False,1,B13011
MH::simnbo::fcb2e68fde99,Forcelli,simnbo,44.62196,11.23758,24.0,False,1,B13215
MH::spdsra::00e1b0bcbaa0,Cesena,spdsra,44.13971,12.23505,31.0,True,1,B13215
MH::spdsra::0308b80f860b,Corniolo,spdsra,43.92426,11.7933,735.0,False,2,B12101|B13011
MH::spdsra::0a24282a0d66,Casaglia,spdsra,44.03811,11.51757,750.0,False,1,B13011
MH::spdsra::137bbb338911,Diga di Ridracoli,spdsra,43.87008,11.83866,565.0,False,5,B10004|B12101|B13003|B13011|B13215
MH::spdsra::13880bd34abd,Monte Romano,spdsra,44.13487,11.65293,705.0,False,2,B12101|B13011
MH::spdsra::16805b92ca49,Lodolone,spdsra,44.19758,11.87488,250.0,False,2,B12101|B13011
MH::spdsra::1826153e8780,Pieve Cesato,spdsra,44.35473,11.9723,27.0,False,1,B13215
MH::spdsra::1c965ecd2b9d,Ponte Calanca,spdsra,44.16385,12.00957,56.0,False,1,B13215
MH::spdsra::21ef4c65db9f,Capaccio,spdsra,43.92525,11.89186,295.0,False,4,B10004|B12101|B13003|B13011
MH::spdsra::2322fba2bf41,Rocca San Casciano,spdsra,44.06079,11.8444,212.0,False,1,B13215
MH::spdsra::27e2fad9e0f8,Bibbiana,spdsra,44.12973,11.5135,858.0,False,2,B12101|B13011
MH::spdsra::287e3272fd22,Rontana,spdsra,44.22699,11.73784,370.0,False,2,B12101|B13011
MH::spdsra::2a0bbd30a6f1,Mercato Saraceno,spdsra,43.95814,12.1966,125.0,False,1,B13215
MH::spdsra::2a4c7fd57633,Rivalta RA,spdsra,44.24182,11.88666,52.0,False,1,B13215
MH::spdsra::2ab798f3fdc8,Modigliana,spdsra,44.15966,11.79515,168.0,False,1,B13215
MH::spdsra::2d63f153d09f,Mesola,spdsra,44.19069,12.34962,6.0,True,2,B13011|B13215
MH::spdsra::2d7f8d8613a8,Campigna,spdsra,43.87178,11.7472,1060.0,False,2,B12101|B13011
MH::spdsra::31a992b181ed,S. Paola,spdsra,44.03806,12.29306,278.0,True,1,B13011
MH::spdsra::37f018eff8ae,Bacine GRONDA,spdsra,43.87728,11.82059,565.0,False,1,B13215
MH::spdsra::4798cfe24242,Sarna,spdsra,44.24486,11.82135,57.0,False,1,B13215
MH::spdsra::5059d084c552,S. Maria Nova,spdsra,44.21506,12.16992,21.0,True,2,B13011|B13215
MH::spdsra::554e28ec2873,Coccolia,spdsra,44.29769,12.11085,14.0,True,2,B13011|B13215
MH::spdsra::5720e50c94ba,Pratacci,spdsra,44.00237,11.66536,750.0,False,1,B13011
MH::spdsra::5b5042a0a45d,Civitella,spdsra,43.99349,11.9453,460.0,False,2,B12101|B13011
MH::spdsra::5c1452356a64,Forli',spdsra,44.22698,12.02757,30.0,False,1,B13215
MH::spdsra::5d7c33708916,Monte Iottone,spdsra,43.99691,12.16866,365.0,False,3,B12101|B13003|B13011
MH::spdsra::5f15875ddae9,Strada Casale,spdsra,44.18521,11.70181,154.0,False,1,B13215
MH::spdsra::62b052e7e677,Ponte Braldo,spdsra,44.26279,11.99295,26.0,False,2,B13011|B13215
MH::spdsra::639eda92042c,Rullato,spdsra,43.94648,12.07693,600.0,False,1,B13011
MH::spdsra::68d811e822c8,Museo della marineria,spdsra,44.19901,12.39485,2.0,True,2,B10004|B13215
MH::spdsra::6ebc78a5a987,Monte Grosso,spdsra,44.07186,11.87238,670.0,False,2,B12101|B13011
MH::spdsra::8010679174b0,Savio,spdsra,44.30563,12.29549,10.0,True,1,B13215
MH::spdsra::81468d6a8cd3,Lastra,spdsra,43.90358,11.90114,600.0,False,1,B13011
MH::spdsra::865471505bc8,Museo della marineria,spdsra,44.19897,12.39488,2.0,True,1,B13215
MH::spdsra::86d9406ba700,Rasponi,spdsra,44.39398,12.27311,5.0,True,1,B13215
MH::spdsra::88c0d7b8e682,S. Marco,spdsra,44.38896,12.16847,11.0,True,1,B13215
MH::spdsra::8bdbeef91a2f,Bertinoro,spdsra,44.15206,12.14217,139.0,False,3,B12101|B13003|B13011
MH::spdsra::8be99352dba3,Quarto,spdsra,43.89215,12.09518,247.0,False,1,B13215
MH::spdsra::8e0cc74df8f2,S. Carlo,spdsra,44.09098,12.19984,54.0,False,1,B13215
MH::spdsra::8e535ff1a37e,Savignano,spdsra,44.09379,12.39636,30.0,True,1,B13215
MH::spdsra::8f69fe6f7afc,Meldola,spdsra,44.12146,12.06155,60.0,False,1,B13215
MH::spdsra::94a968e328b9,S. Zeno,spdsra,44.0211,11.88026,280.0,False,2,B13011|B13215
MH::spdsra::9a00244601fb,Borello,spdsra,44.05077,12.17701,72.0,False,1,B13215
MH::spdsra::9ba6962b7a28,Campigna IDRO,spdsra,43.89252,11.78121,570.0,False,1,B13215
MH::spdsra::9d166b9a970f,Corsicchie,spdsra,43.84597,12.03572,1200.0,False,2,B12101|B13011
MH::spdsra::9ea92a63bd8e,Conca Diga,spdsra,43.95818,12.70026,19.0,True,3,B12101|B13011|B13215
MH::spdsra::ac327d3c3ed5,Caminate,spdsra,44.11438,12.00404,370.0,False,1,B13011
MH::spdsra::adb03889bab8,Teodorano,spdsra,44.09148,12.08492,79.0,False,1,B13215
MH::spdsra::add97554778d,Lama,spdsra,43.83175,11.83771,715.0,False,2,B12101|B13011
MH::spdsra::af973978df44,Trebbio,spdsra,44.13697,11.83716,570.0,False,2,B12101|B13011
MH::spdsra::b3186546b1b3,Ronco,spdsra,44.20306,12.08668,26.0,False,1,B13215
MH::spdsra::b4d5f8073f25,Maiano,spdsra,43.89269,12.19345,570.0,False,2,B10004|B13011
MH::spdsra::b6a09a433a03,Calisese,spdsra,44.11339,12.29599,40.0,True,1,B13215
MH::spdsra::c03d46d73aba,Vallicelle,spdsra,44.02939,11.8049,405.0,False,1,B13011
MH::spdsra::c0404d8708c8,Mezzano,spdsra,44.46959,12.08286,12.0,True,1,B13215
MH::spdsra::c0fe89f601b8,Voltre,spdsra,44.03248,12.04326,270.0,False,2,B12101|B13011
MH::spdsra::c10fbbf47728,S. Sofia,spdsra,43.94133,11.90515,258.0,False,1,B13215
MH::spdsra::c6d0b6de3d5c,Corniolo,spdsra,43.90315,11.79916,476.0,False,2,B12101|B13215
MH::spdsra::c8e1ed82175c,Montriolo,spdsra,43.92264,11.95766,685.0,False,2,B12101|B13011
MH::spdsra::cb232ec05823,Cesenatico porto,spdsra,44.20645,12.40132,1.0,True,2,B12101|B13215
MH::spdsra::d55011cfe68d,Celle IDRO,spdsra,43.90596,11.77881,572.0,False,1,B13215
MH::spdsra::d688e8f91922,Bevano Adriatica,spdsra,44.3245,12.27984,6.0,True,1,B13215
MH::spdsra::da543b3bb9a6,Ponte Vico,spdsra,44.33002,12.03134,20.0,False,2,B13011|B13215
MH::spdsra::de92eaf1984e,Castiglione,spdsra,44.25901,12.2609,14.0,True,1,B13215
MH::spdsra::df385766f305,Faenza,spdsra,44.28688,11.89148,37.0,False,1,B13215
MH::spdsra::e02db82cdedb,Due Tigli,spdsra,44.16415,12.39269,10.0,True,2,B13011|B13215
MH::spdsra::e236646716f4,Matellica,spdsra,44.23218,12.23401,19.0,True,2,B13011|B13215
MH::spdsra::e2d99062d8b6,Tebano,spdsra,44.29424,11.78295,51.0,False,2,B13011|B13215
MH::spdsra::e76869bf86f5,Roversano,spdsra,44.08571,12.20682,175.0,False,2,B12101|B13011
MH::spdsra::eea6ac652850,Reda,spdsra,44.3065,11.94276,26.0,False,1,B13215
MH::spdsra::efb42d27cc70,Castrocaro,spdsra,44.17012,11.9494,66.0,False,2,B13011|B13215
MH::spdsra::efd33ce46931,Fiumicello idro valle,spdsra,43.94813,11.74827,560.0,False,1,B13215
MH::spdsra::f3fb43498388,S. Bartolo,spdsra,44.36791,12.17268,11.0,True,1,B13215
MH::spdsra::f8f5632ffbe7,S. Zaccaria,spdsra,44.25728,12.21407,10.0,True,1,B13215
MH::spdsra::ff53228bd8fa,Marradi,spdsra,44.07741,11.61388,350.0,False,2,B13011|B13215
MH::urbane::09f34ba4f8b2,Rimini urbana,urbane,44.05919,12.57354,16.0,True,16,B11001|B11002|B11041|B11043|B11209|B11210|B11211|B11212|B11213|B11214|B11215|B11216|B12101|B13003|B13011|B14198
MH::urbane::1ba270ae1fed,Ferrara urbana,urbane,44.8325,11.62114,26.0,False,16,B11001|B11002|B11041|B11043|B11209|B11210|B11211|B11212|B11213|B11214|B11215|B11216|B12101|B13003|B13011|B14198
MH::urbane::7350c0a6b32f,Parma urbana,urbane,44.808,10.33049,79.0,False,8,B10004|B11001|B11002|B11041|B12101|B13003|B13011|B14198
MH::urbane::8d5a1ef6953a,Piacenza urbana,urbane,45.05492,9.67965,71.0,False,16,B11001|B11002|B11041|B11043|B11209|B11210|B11211|B11212|B11213|B11214|B11215|B11216|B12101|B13003|B13011|B14198
MH::urbane::b2a36a739009,Modena urbana,urbane,44.65639,10.91699,73.0,False,16,B11001|B11002|B11041|B11043|B11209|B11210|B11211|B11212|B11213|B11214|B11215|B11216|B12101|B13003|B13011|B14198
MH::urbane::e059e430de4f,Reggio nell'Emilia urbana,urbane,44.69781,10.6337,72.0,False,16,B11001|B11002|B11041|B11043|B11209|B11210|B11211|B11212|B11213|B11214|B11215|B11216|B12101|B13003|B13011|B14198
