method,lead_hour,region,variable,mae,rmse,sample_windows
v9_2_final16,1,full,msl,0.7873726560358416,0.9973468937868664,152
v9_2_final16,1,full,u10,1.0201467371940025,1.3167071022955528,152
v9_2_final16,1,full,v10,1.024416949841185,1.3720841264125898,152
v9_2_final16,1,full,t2m,1.5859809745736173,2.2049340008274383,152
v9_2_final16,1,full,tp,0.031624973573121426,0.12220017821638035,152
v9_2_final16,1,land,msl,0.8675752753243718,1.0931442097733746,152
v9_2_final16,1,land,u10,0.8957291321344341,1.1452058945096177,152
v9_2_final16,1,land,v10,0.853964196975275,1.0973279609327542,152
v9_2_final16,1,land,t2m,2.195842753423512,2.7855374688717864,152
v9_2_final16,1,land,tp,0.04322053664616572,0.1595809815413709,152
v9_2_final16,1,sea,msl,0.681104185478539,0.8540209439860209,152
v9_2_final16,1,sea,u10,1.1850000638979303,1.5143184895149109,152
v9_2_final16,1,sea,v10,1.250266847388516,1.6678156552200982,152
v9_2_final16,1,sea,t2m,0.777914117597507,1.0112201870581548,152
v9_2_final16,1,sea,tp,0.016260852501337734,0.031247167161286532,152
v9_2_final16,2,full,msl,0.7842373155901117,0.9867175041220111,152
v9_2_final16,2,full,u10,1.0217377036236523,1.322282690308043,152
v9_2_final16,2,full,v10,1.0044073904129716,1.3411980236902445,152
v9_2_final16,2,full,t2m,1.537851863598734,2.1198135083126535,152
v9_2_final16,2,full,tp,0.03234805171929697,0.1222261732136087,152
v9_2_final16,2,land,msl,0.8590644656659421,1.0802683621019302,152
v9_2_final16,2,land,u10,0.8950213845288287,1.147474325524969,152
v9_2_final16,2,land,v10,0.8478600758606183,1.0922518085146347,152
v9_2_final16,2,land,t2m,2.115002647842689,2.66872455241713,152
v9_2_final16,2,land,tp,0.045486047681512855,0.1598448947029029,152
v9_2_final16,2,sea,msl,0.6850913417396363,0.8469937625670154,152
v9_2_final16,2,sea,u10,1.1896368264242936,1.5233119538282658,152
v9_2_final16,2,sea,v10,1.2118325821948395,1.612914955941745,152
v9_2_final16,2,sea,t2m,0.7731270744754938,1.005421016149253,152
v9_2_final16,2,sea,tp,0.014940207069360932,0.029655686932843907,152
v9_2_final16,3,full,msl,0.8098538235798167,1.0186793706010715,152
v9_2_final16,3,full,u10,1.0346690785390058,1.3388088178118902,152
v9_2_final16,3,full,v10,1.0092742113057191,1.3444302934834877,152
v9_2_final16,3,full,t2m,1.5599534340759005,2.148427405209527,152
v9_2_final16,3,full,tp,0.032753318078013266,0.12189036095737538,152
v9_2_final16,3,land,msl,0.9031411357182958,1.1304851436792684,152
v9_2_final16,3,land,u10,0.9007463859237977,1.154616873196843,152
v9_2_final16,3,land,v10,0.8594754534636735,1.107960689967458,152
v9_2_final16,3,land,t2m,2.1522347344768447,2.7059844172186094,152
v9_2_final16,3,land,tp,0.046549832847603646,0.1596074410224771,152
v9_2_final16,3,sea,msl,0.6862481349963321,0.8481301404263782,152
v9_2_final16,3,sea,u10,1.2121166462541566,1.5494968146577108,152
v9_2_final16,3,sea,v10,1.2077575654464296,1.6049552681317887,152
v9_2_final16,3,sea,t2m,0.7751807110446491,1.0146330744062129,152
v9_2_final16,3,sea,tp,0.014472936008306014,0.028095738820720424,152
v9_2_final16,4,full,msl,0.8429800344542625,1.0659572687362138,152
v9_2_final16,4,full,u10,1.054194484242058,1.357545409893654,152
v9_2_final16,4,full,v10,1.0247268167803465,1.3658570873230862,152
v9_2_final16,4,full,t2m,1.5929690983926292,2.1992793424049037,152
v9_2_final16,4,full,tp,0.03289788231354629,0.12134393955920846,152
v9_2_final16,4,land,msl,0.9596682744216884,1.2032829109823628,152
v9_2_final16,4,land,u10,0.9160798636322356,1.1697057225157066,152
v9_2_final16,4,land,v10,0.8743014754022076,1.129431558013478,152
v9_2_final16,4,land,t2m,2.208120426912541,2.7739710672651356,152
v9_2_final16,4,land,tp,0.047049846443700506,0.1589088431386289,152
v9_2_final16,4,sea,msl,0.6883681164974231,0.8505068797643538,152
v9_2_final16,4,sea,u10,1.237196356550073,1.572237568854593,152
v9_2_final16,4,sea,v10,1.2240403941063807,1.6270369546631975,152
v9_2_final16,4,sea,t2m,0.7778935881037461,1.024629624109561,152
v9_2_final16,4,sea,tp,0.014146529841091948,0.027842244178047735,152
v9_2_final16,5,full,msl,0.8682634640471057,1.0997785457884177,152
v9_2_final16,5,full,u10,1.0762003999604108,1.3826042136535095,152
v9_2_final16,5,full,v10,1.0486167320368214,1.4004179681283873,152
v9_2_final16,5,full,t2m,1.6210187628919674,2.237966699585901,152
v9_2_final16,5,full,tp,0.03309801782909684,0.1222715871513966,152
v9_2_final16,5,land,msl,0.9940420283170947,1.246984226962118,152
v9_2_final16,5,land,u10,0.9350664502356063,1.1915269647571498,152
v9_2_final16,5,land,v10,0.8951609283105552,1.1593844662657464,152
v9_2_final16,5,land,t2m,2.254149147445484,2.824980550980243,152
v9_2_final16,5,land,tp,0.04759715209281482,0.16020650376700524,152
v9_2_final16,5,sea,msl,0.7016068663893704,0.8670539620998337,152
v9_2_final16,5,sea,u10,1.2632028833457767,1.6010328335917832,152
v9_2_final16,5,sea,v10,1.2519456719741242,1.6669412189300181,152
v9_2_final16,5,sea,t2m,0.782121003358558,1.0346826711034558,152
v9_2_final16,5,sea,tp,0.013886664929670509,0.027421319839857815,152
v9_2_final16,6,full,msl,0.8924070883172588,1.1313365530545667,152
v9_2_final16,6,full,u10,1.1032345061525448,1.4179398431446473,152
v9_2_final16,6,full,v10,1.0769872530905178,1.4406119113968614,152
v9_2_final16,6,full,t2m,1.652212544239959,2.276211263565787,152
v9_2_final16,6,full,tp,0.03309258218293007,0.12326932999758515,152
v9_2_final16,6,land,msl,1.023118105457289,1.285171436129464,152
v9_2_final16,6,land,u10,0.9579619708805375,1.2216454252751157,152
v9_2_final16,6,land,v10,0.917653480710991,1.1906621629838938,152
v9_2_final16,6,land,t2m,2.3024919324159256,2.875302102763685,152
v9_2_final16,6,land,tp,0.04779435377566325,0.16161723990735768,152
v9_2_final16,6,sea,msl,0.7192149906067187,0.8873345617763698,152
v9_2_final16,6,sea,u10,1.2957206153879544,1.6422799410895172,152
v9_2_final16,6,sea,v10,1.288104501493391,1.7166237261983441,152
v9_2_final16,6,sea,t2m,0.7905923549068031,1.04493554788506,152
v9_2_final16,6,sea,tp,0.013612734822558604,0.02683210265220665,152
input_compatible_reconstruction_persistence,1,full,msl,2.5324188548792304,2.985100069784338,152
input_compatible_reconstruction_persistence,1,full,u10,1.725094145302943,2.1693465382325168,152
input_compatible_reconstruction_persistence,1,full,v10,1.347513023817368,1.7523747408104757,152
input_compatible_reconstruction_persistence,1,full,t2m,15.808854769748407,16.668710999412305,152
input_compatible_reconstruction_persistence,1,full,tp,0.1761345774309869,0.22211284595604908,152
input_compatible_reconstruction_persistence,1,land,msl,2.5519066900404996,2.9999944768021725,152
input_compatible_reconstruction_persistence,1,land,u10,1.5903550449991577,2.0003385027539244,152
input_compatible_reconstruction_persistence,1,land,v10,1.0755847022048353,1.3939076267657469,152
input_compatible_reconstruction_persistence,1,land,t2m,18.203979182466117,19.08029592056538,152
input_compatible_reconstruction_persistence,1,land,tp,0.15124596693140463,0.2133694270204657,152
input_compatible_reconstruction_persistence,1,sea,msl,2.5065974732905483,2.965249745179792,152
input_compatible_reconstruction_persistence,1,sea,u10,1.9036234532054581,2.374827471716423,152
input_compatible_reconstruction_persistence,1,sea,v10,1.7078180499539741,2.1366337050591473,152
input_compatible_reconstruction_persistence,1,sea,t2m,12.63531492289744,12.791221067057236,152
input_compatible_reconstruction_persistence,1,sea,tp,0.2091119863429334,0.23319346383343761,152
input_compatible_reconstruction_persistence,2,full,msl,2.51948737892072,2.969328762325858,152
input_compatible_reconstruction_persistence,2,full,u10,1.721141018048889,2.164508058062067,152
input_compatible_reconstruction_persistence,2,full,v10,1.34980329829645,1.7546101583192348,152
input_compatible_reconstruction_persistence,2,full,t2m,15.776824085191855,16.634447602360826,152
input_compatible_reconstruction_persistence,2,full,tp,0.17611668989874085,0.2220025843047776,152
input_compatible_reconstruction_persistence,2,land,msl,2.5346289346544624,2.979282083566148,152
input_compatible_reconstruction_persistence,2,land,u10,1.5842936316435206,1.9919444259009538,152
input_compatible_reconstruction_persistence,2,land,v10,1.0775671761707943,1.3952765825412061,152
input_compatible_reconstruction_persistence,2,land,t2m,18.147260790779733,19.02764928065281,152
input_compatible_reconstruction_persistence,2,land,tp,0.15123116562174582,0.2132582456080657,152
input_compatible_reconstruction_persistence,2,sea,msl,2.499424817573511,2.956088991018558,152
input_compatible_reconstruction_persistence,2,sea,u10,1.902463805036002,2.3739112758595513,152
input_compatible_reconstruction_persistence,2,sea,v10,1.7105161601129437,2.1397129234970325,152
input_compatible_reconstruction_persistence,2,sea,t2m,12.635995450287915,12.791427408131604,152
input_compatible_reconstruction_persistence,2,sea,tp,0.20909000956575927,0.2330840785952033,152
input_compatible_reconstruction_persistence,3,full,msl,2.504791382624116,2.9524443766158743,152
input_compatible_reconstruction_persistence,3,full,u10,1.7176641087830828,2.1598551709675133,152
input_compatible_reconstruction_persistence,3,full,v10,1.351509661383399,1.7562371359854105,152
input_compatible_reconstruction_persistence,3,full,t2m,15.740189249125958,16.597908623053176,152
input_compatible_reconstruction_persistence,3,full,tp,0.17606839428587717,0.2216741962888654,152
input_compatible_reconstruction_persistence,3,land,msl,2.5165286386573724,2.9586660881847338,152
input_compatible_reconstruction_persistence,3,land,u10,1.5766103147779447,1.9808406833729202,152
input_compatible_reconstruction_persistence,3,land,v10,1.0788364935573165,1.3961318950992672,152
input_compatible_reconstruction_persistence,3,land,t2m,18.083435173966432,18.971719284154155,152
input_compatible_reconstruction_persistence,3,land,tp,0.1511841123079777,0.2128137873882275,152
input_compatible_reconstruction_persistence,3,sea,msl,2.489239518380051,2.9441803570312834,152
input_compatible_reconstruction_persistence,3,sea,u10,1.9045603858398912,2.376367687010178,152
input_compatible_reconstruction_persistence,3,sea,v10,1.7128016087529583,2.142075742157068,152
input_compatible_reconstruction_persistence,3,sea,t2m,12.635388398712331,12.791147371991471,152
input_compatible_reconstruction_persistence,3,sea,tp,0.20904006790659393,0.23289559117207392,152
input_compatible_reconstruction_persistence,4,full,msl,2.49097671897383,2.936394799487272,152
input_compatible_reconstruction_persistence,4,full,u10,1.7143185768411477,2.154435198323411,152
input_compatible_reconstruction_persistence,4,full,v10,1.3526863859463387,1.75783302337559,152
input_compatible_reconstruction_persistence,4,full,t2m,15.699349799804214,16.559697448857754,152
input_compatible_reconstruction_persistence,4,full,tp,0.17603278255941854,0.22117141408789975,152
input_compatible_reconstruction_persistence,4,land,msl,2.5008244278134555,2.9405420865349137,152
input_compatible_reconstruction_persistence,4,land,u10,1.567825405810407,1.9676145780013576,152
input_compatible_reconstruction_persistence,4,land,v10,1.07967611341065,1.3970882570005063,152
input_compatible_reconstruction_persistence,4,land,t2m,18.0131972152543,18.913486533474142,152
input_compatible_reconstruction_persistence,4,land,tp,0.15112503202084895,0.21189908949200692,152
input_compatible_reconstruction_persistence,4,sea,msl,2.4779285047613264,2.930890604808518,152
input_compatible_reconstruction_persistence,4,sea,u10,1.9084220284568791,2.3794856978462597,152
input_compatible_reconstruction_persistence,4,sea,v10,1.7144249970561258,2.1442918910126636,152
input_compatible_reconstruction_persistence,4,sea,t2m,12.633501974332846,12.790264208994623,152
input_compatible_reconstruction_persistence,4,sea,tp,0.20903555202302324,0.23288929780782816,152
input_compatible_reconstruction_persistence,5,full,msl,2.4775049302131116,2.9217745722977706,152
input_compatible_reconstruction_persistence,5,full,u10,1.7120372563692632,2.149887499656466,152
input_compatible_reconstruction_persistence,5,full,v10,1.3559896082894243,1.7628197110751764,152
input_compatible_reconstruction_persistence,5,full,t2m,15.657400954010102,16.522681441972352,152
input_compatible_reconstruction_persistence,5,full,tp,0.17601194252354566,0.220964814585998,152
input_compatible_reconstruction_persistence,5,land,msl,2.4865237948286887,2.925991416731377,152
input_compatible_reconstruction_persistence,5,land,u10,1.5589859245502304,1.9537848427736895,152
input_compatible_reconstruction_persistence,5,land,v10,1.082273833011073,1.4009560347344967,152
input_compatible_reconstruction_persistence,5,land,t2m,17.941395750677067,18.857043566955664,152
input_compatible_reconstruction_persistence,5,land,tp,0.15109369867208292,0.21152650181260338,152
input_compatible_reconstruction_persistence,5,sea,msl,2.465554934597472,2.91617786118088,152
input_compatible_reconstruction_persistence,5,sea,u10,1.9148302710294818,2.3850153357027506,152
input_compatible_reconstruction_persistence,5,sea,v10,1.7186630105332397,2.1504573702035072,152
input_compatible_reconstruction_persistence,5,sea,t2m,12.631107848426371,12.78938848078563,152
input_compatible_reconstruction_persistence,5,sea,tp,0.20902861562673378,0.2328821242681681,152
input_compatible_reconstruction_persistence,6,full,msl,2.462193840722792,2.906439897900264,152
input_compatible_reconstruction_persistence,6,full,u10,1.7103944115033862,2.1470369228349337,152
input_compatible_reconstruction_persistence,6,full,v10,1.3602771518559649,1.7690328416696302,152
input_compatible_reconstruction_persistence,6,full,t2m,15.615841975644237,16.48792806125368,152
input_compatible_reconstruction_persistence,6,full,tp,0.17603813101348598,0.22102079075496403,152
input_compatible_reconstruction_persistence,6,land,msl,2.470863173538956,2.912090553741833,152
input_compatible_reconstruction_persistence,6,land,u10,1.550059890146398,1.940591801268419,152
input_compatible_reconstruction_persistence,6,land,v10,1.0854090830504388,1.4062763180943625,152
input_compatible_reconstruction_persistence,6,land,t2m,17.870385134366483,18.803920676797116,152
input_compatible_reconstruction_persistence,6,land,tp,0.1511465802522126,0.2116357960155561,152
input_compatible_reconstruction_persistence,6,sea,msl,2.4507069747413746,2.8989358134094063,152
input_compatible_reconstruction_persistence,6,sea,u10,1.9228376523013957,2.3933024536744907,152
input_compatible_reconstruction_persistence,6,sea,v10,1.7244773430232867,2.157706454409877,152
input_compatible_reconstruction_persistence,6,sea,t2m,12.628572290337257,12.788745866595345,152
input_compatible_reconstruction_persistence,6,sea,tp,0.20901943577217322,0.23287405537924327,152
dense_era5t_persistence,1,full,msl,0.2635022714046402,0.3334832379273913,152
dense_era5t_persistence,1,full,u10,0.45607916911504404,0.634681696056641,152
dense_era5t_persistence,1,full,v10,0.41280762455115905,0.5898248054775458,152
dense_era5t_persistence,1,full,t2m,0.7559037956060767,1.1852657421552628,152
dense_era5t_persistence,1,full,tp,0.01441924888582186,0.13468963393903136,152
dense_era5t_persistence,1,land,msl,0.278552240032662,0.35651770056859466,152
dense_era5t_persistence,1,land,u10,0.3701671573824537,0.5171011947711022,152
dense_era5t_persistence,1,land,v10,0.33508151251453777,0.4836212307012567,152
dense_era5t_persistence,1,land,t2m,1.1865619805096568,1.5483246405622586,152
dense_era5t_persistence,1,land,tp,0.024520706224282252,0.17648730754225958,152
dense_era5t_persistence,1,sea,msl,0.2435610629725114,0.30025286653968386,152
dense_era5t_persistence,1,sea,u10,0.5699125846607263,0.7630608810111735,152
dense_era5t_persistence,1,sea,v10,0.5157947229996823,0.7063627570866332,152
dense_era5t_persistence,1,sea,t2m,0.18528170060883298,0.29975475766321896,152
dense_era5t_persistence,1,sea,tp,0.0010348179123618386,0.03012842149958279,152
dense_era5t_persistence,2,full,msl,0.4542463718388204,0.5585043347293073,152
dense_era5t_persistence,2,full,u10,0.7909680506007603,1.0763118948491255,152
dense_era5t_persistence,2,full,v10,0.7108916250123785,0.9854409370375543,152
dense_era5t_persistence,2,full,t2m,1.4613309690366834,2.2563259294351954,152
dense_era5t_persistence,2,full,tp,0.017425197261396783,0.15509446154294473,152
dense_era5t_persistence,2,land,msl,0.4842184296990491,0.5990902279825596,152
dense_era5t_persistence,2,land,u10,0.6227070585510689,0.841849294942717,152
dense_era5t_persistence,2,land,v10,0.5608996583890902,0.7789667325109496,152
dense_era5t_persistence,2,land,t2m,2.304174844911084,2.950983338065315,152
dense_era5t_persistence,2,land,tp,0.029743508740733587,0.20367297216425934,152
dense_era5t_persistence,2,sea,msl,0.4145333951740174,0.4996758244292063,152
dense_era5t_persistence,2,sea,u10,1.0139138650666013,1.3245183649014776,152
dense_era5t_persistence,2,sea,v10,0.9096309807882355,1.2057352645502608,152
dense_era5t_persistence,2,sea,t2m,0.3445628335031026,0.5459757783935084,152
dense_era5t_persistence,2,sea,tp,0.001103434551275518,0.031010940746249792,152
dense_era5t_persistence,3,full,msl,0.619959834427011,0.7582634988578318,152
dense_era5t_persistence,3,full,u10,1.0315597586384733,1.3879493617846548,152
dense_era5t_persistence,3,full,v10,0.9252464404142694,1.2573409577797103,152
dense_era5t_persistence,3,full,t2m,2.138626900156897,3.2467382089476393,152
dense_era5t_persistence,3,full,tp,0.01785571102792542,0.1562284805974947,152
dense_era5t_persistence,3,land,msl,0.6609660953867141,0.8143314522192121,152
dense_era5t_persistence,3,land,u10,0.8041207583101043,1.0662511946567226,152
dense_era5t_persistence,3,land,v10,0.7262347516594267,0.9797189714107285,152
dense_era5t_persistence,3,land,t2m,3.3849002279894784,4.249057539248561,152
dense_era5t_persistence,3,land,tp,0.030528060191265458,0.20534186974413174,152
dense_era5t_persistence,3,sea,msl,0.5656265386554042,0.6768569972346149,152
dense_era5t_persistence,3,sea,u10,1.3329164340735622,1.7240958770905763,152
dense_era5t_persistence,3,sea,v10,1.1889369280144357,1.5504215030624418,152
dense_era5t_persistence,3,sea,t2m,0.48731474077872683,0.7657311580147106,152
dense_era5t_persistence,3,sea,tp,0.0010648483864998703,0.029632087346624238,152
dense_era5t_persistence,4,full,msl,0.7551835029650331,0.9240430644356245,152
dense_era5t_persistence,4,full,u10,1.2105971322283122,1.6121995255474222,152
dense_era5t_persistence,4,full,v10,1.0819888466479155,1.4516748320499515,152
dense_era5t_persistence,4,full,t2m,2.778338547369185,4.153192623488326,152
dense_era5t_persistence,4,full,tp,0.018286951568174885,0.15925449846472814,152
dense_era5t_persistence,4,land,msl,0.8087152176474991,0.9964961258414856,152
dense_era5t_persistence,4,land,u10,0.9498375373228024,1.2442429204271113,152
dense_era5t_persistence,4,land,v10,0.8579460332418829,1.1370297102327667,152
dense_era5t_persistence,4,land,t2m,4.410938295655553,5.437886706785053,152
dense_era5t_persistence,4,land,tp,0.031264527584226424,0.20935343790009908,152
dense_era5t_persistence,4,sea,msl,0.6842539810107655,0.8182195513939264,152
dense_era5t_persistence,4,sea,u10,1.5561035954781126,1.997955056173422,152
dense_era5t_persistence,4,sea,v10,1.3788455744109085,1.7851059162639216,152
dense_era5t_persistence,4,sea,t2m,0.6151438808897466,0.9606691249622642,152
dense_era5t_persistence,4,sea,tp,0.0010916633469065982,0.02988974625400042,152
dense_era5t_persistence,5,full,msl,0.8570169561799922,1.0521243869585715,152
dense_era5t_persistence,5,full,u10,1.3506992492385317,1.7776487590659598,152
dense_era5t_persistence,5,full,v10,1.202057196131433,1.5965892904618333,152
dense_era5t_persistence,5,full,t2m,3.378968966708247,4.971725559940444,152
dense_era5t_persistence,5,full,tp,0.01844348084161806,0.15992932544776114,152
dense_era5t_persistence,5,land,msl,0.926407220573043,1.1427477572020301,152
dense_era5t_persistence,5,land,u10,1.0787687273224391,1.3984643910852543,152
dense_era5t_persistence,5,land,v10,0.9711321062523826,1.2713542453740454,152
dense_era5t_persistence,5,land,t2m,5.378639008364566,6.512011475069818,152
dense_era5t_persistence,5,land,tp,0.031523339916483054,0.21023189283415758,152
dense_era5t_persistence,5,sea,msl,0.7650748558591998,0.9183759217305845,152
dense_era5t_persistence,5,sea,u10,1.7110071907773543,2.1807740865948295,152
dense_era5t_persistence,5,sea,v10,1.508032940221175,1.9455073181023879,152
dense_era5t_persistence,5,sea,t2m,0.7294061615136251,1.1318741770464604,152
dense_era5t_persistence,5,sea,tp,0.001112667567421945,0.0300966797690479,152
dense_era5t_persistence,6,full,msl,0.9271565817226357,1.1465280551762216,152
dense_era5t_persistence,6,full,u10,1.4614385937616499,1.9012808097297205,152
dense_era5t_persistence,6,full,v10,1.2953403589871095,1.7041255611812152,152
dense_era5t_persistence,6,full,t2m,3.9372070849466185,5.700195310349618,152
dense_era5t_persistence,6,full,tp,0.018484425494447256,0.15928584767456605,152
dense_era5t_persistence,6,land,msl,1.0168585119947389,1.2576346105592033,152
dense_era5t_persistence,6,land,u10,1.1938962756462816,1.5334265285070872,152
dense_era5t_persistence,6,land,v10,1.0708240584108044,1.3896734211385744,152
dense_era5t_persistence,6,land,t2m,6.281383407302116,7.468236932827333,152
dense_era5t_persistence,6,land,tp,0.031586565932201285,0.20937112860663462,152
dense_era5t_persistence,6,sea,msl,0.8083015241120991,0.9800994456766178,152
dense_era5t_persistence,6,sea,u10,1.8159321652645128,2.2997758263093377,152
dense_era5t_persistence,6,sea,v10,1.5928244572507138,2.047699305354758,152
dense_era5t_persistence,6,sea,t2m,0.8311734578255832,1.2818467018661617,152
dense_era5t_persistence,6,sea,tp,0.0011240894144231622,0.030113109633441108,152
v9_1_frozen,1,full,msl,0.7812921828544575,1.0094507725847928,152
v9_1_frozen,1,full,u10,0.9975718049492152,1.2903271146327189,152
v9_1_frozen,1,full,v10,1.016502331564271,1.3488704192881775,152
v9_1_frozen,1,full,t2m,1.5114921402672397,2.063674100151491,152
v9_1_frozen,1,full,tp,0.02682261229825493,0.11956617496795317,152
v9_1_frozen,1,land,msl,0.8909490140560378,1.1296121121632363,152
v9_1_frozen,1,land,u10,0.8699347777806684,1.1198989325895077,152
v9_1_frozen,1,land,v10,0.8558676287278276,1.1017584936784972,152
v9_1_frozen,1,land,t2m,2.0401735650058517,2.5800537527143077,152
v9_1_frozen,1,land,tp,0.03925164475038357,0.1567489991933639,152
v9_1_frozen,1,sea,msl,0.6359968815123636,0.823664121808265,152
v9_1_frozen,1,sea,u10,1.1666908659475397,1.4863427937217555,152
v9_1_frozen,1,sea,v10,1.2293433128225586,1.6192110477948671,152
v9_1_frozen,1,sea,t2m,0.8109892524885789,1.0399509985656716,152
v9_1_frozen,1,sea,tp,0.010354144299184485,0.026130128501896575,152
v9_1_frozen,2,full,msl,0.7795458761895151,1.0149213263223507,152
v9_1_frozen,2,full,u10,0.9992926616563826,1.2975882117103028,152
v9_1_frozen,2,full,v10,1.0129996284964387,1.3487338332238938,152
v9_1_frozen,2,full,t2m,1.4763132933144487,2.01263034676297,152
v9_1_frozen,2,full,tp,0.028245295831136216,0.12010085430161212,152
v9_1_frozen,2,land,msl,0.9096544862729801,1.158402907449732,152
v9_1_frozen,2,land,u10,0.8614139216772522,1.1121876411103622,152
v9_1_frozen,2,land,v10,0.854597798553263,1.1041033569138876,152
v9_1_frozen,2,land,t2m,1.9768136838847703,2.5069803312230463,152
v9_1_frozen,2,land,tp,0.04219726974575389,0.1576427479959323,152
v9_1_frozen,2,sea,msl,0.607151967828924,0.7854221171551787,152
v9_1_frozen,2,sea,u10,1.1819819921287307,1.5085458150792095,152
v9_1_frozen,2,sea,v10,1.2228820531711464,1.6168284603849499,152
v9_1_frozen,2,sea,t2m,0.8131502758087724,1.0441618011803326,152
v9_1_frozen,2,sea,tp,0.009758930394267796,0.02466602227624515,152
v9_1_frozen,3,full,msl,0.8266301583672169,1.0737125849179432,152
v9_1_frozen,3,full,u10,1.0080330083508449,1.310251314220822,152
v9_1_frozen,3,full,v10,1.0230989238571084,1.3631388631425814,152
v9_1_frozen,3,full,t2m,1.4903539753306112,2.0408045393814316,152
v9_1_frozen,3,full,tp,0.028662844823254877,0.11966844382028756,152
v9_1_frozen,3,land,msl,0.9749876227072778,1.2346814049275925,152
v9_1_frozen,3,land,u10,0.85736727918144,1.1068302346830818,152
v9_1_frozen,3,land,v10,0.8662967588145472,1.1219128034693,152
v9_1_frozen,3,land,t2m,2.0000395887948614,2.5423851796198385,152
v9_1_frozen,3,land,tp,0.04297134579447956,0.15728313625067852,152
v9_1_frozen,3,sea,msl,0.6300565181166361,0.8127213144325423,152
v9_1_frozen,3,sea,u10,1.2076650995003064,1.5389092173611258,152
v9_1_frozen,3,sea,v10,1.2308617925385021,1.6286285730202195,152
v9_1_frozen,3,sea,t2m,0.8150205374904796,1.0577907087189435,152
v9_1_frozen,3,sea,tp,0.009704081036382171,0.02274680594244112,152
v9_1_frozen,4,full,msl,0.8837453268398232,1.1509598769184106,152
v9_1_frozen,4,full,u10,1.0233046222414568,1.3255979747100233,152
v9_1_frozen,4,full,v10,1.0417310582088541,1.3897193496337266,152
v9_1_frozen,4,full,t2m,1.5216335864961776,2.0962561182397534,152
v9_1_frozen,4,full,tp,0.02910463537494456,0.11980154207529774,152
v9_1_frozen,4,land,msl,1.0565934518275304,1.3383286273938497,152
v9_1_frozen,4,land,u10,0.864709678989871,1.111880162057884,152
v9_1_frozen,4,land,v10,0.8829194056464601,1.1468387149096144,152
v9_1_frozen,4,land,t2m,2.052724215004368,2.615381299108516,152
v9_1_frozen,4,land,tp,0.043519017393544815,0.15741364697441246,152
v9_1_frozen,4,sea,msl,0.6547215612311112,0.840659816303108,152
v9_1_frozen,4,sea,u10,1.233442922049808,1.564431381512285,152
v9_1_frozen,4,sea,v10,1.2521564978540265,1.657596746532391,152
v9_1_frozen,4,sea,t2m,0.8179385037228252,1.0739799617247257,152
v9_1_frozen,4,sea,tp,0.010005579200299215,0.023175472231432633,152
v9_1_frozen,5,full,msl,0.9182992636767987,1.1963916643460015,152
v9_1_frozen,5,full,u10,1.042961155619762,1.348721294146009,152
v9_1_frozen,5,full,v10,1.0686683198335993,1.4266217866809339,152
v9_1_frozen,5,full,t2m,1.5564208656400726,2.144449966408853,152
v9_1_frozen,5,full,tp,0.029460979375634442,0.12083745160122784,152
v9_1_frozen,5,land,msl,1.09934486223169,1.393666697268793,152
v9_1_frozen,5,land,u10,0.8783655022656051,1.126128254525384,152
v9_1_frozen,5,land,v10,0.9078804224531453,1.1817525236983815,152
v9_1_frozen,5,land,t2m,2.109958744742137,2.6786960344194783,152
v9_1_frozen,5,land,tp,0.04386929043370165,0.1587650754457214,152
v9_1_frozen,5,sea,msl,0.6784138455915679,0.8685270088922074,152
v9_1_frozen,5,sea,u10,1.26105039631402,1.5965496563242854,152
v9_1_frozen,5,sea,v10,1.2817122838627013,1.697510351385699,152
v9_1_frozen,5,sea,t2m,0.8229831758298372,1.0883364215501194,152
v9_1_frozen,5,sea,tp,0.010369967223695395,0.023463075444950448,152
v9_1_frozen,6,full,msl,0.9449583578485088,1.234627040324769,152
v9_1_frozen,6,full,u10,1.0686827120213522,1.3834576135446426,152
v9_1_frozen,6,full,v10,1.0963291355309592,1.4644747213290537,152
v9_1_frozen,6,full,t2m,1.6019463966172094,2.1990343290256433,152
v9_1_frozen,6,full,tp,0.029629321710016393,0.12164993504383699,152
v9_1_frozen,6,land,msl,1.1328135827307215,1.4431434004259904,152
v9_1_frozen,6,land,u10,0.8989127164000676,1.1518095272237128,152
v9_1_frozen,6,land,v10,0.9321240289875805,1.215468390349733,152
v9_1_frozen,6,land,t2m,2.1852096391948885,2.752722903603123,152
v9_1_frozen,6,land,tp,0.04400496266225189,0.15985754807191066,152
v9_1_frozen,6,sea,msl,0.6960501848795767,0.8857078106939162,152
v9_1_frozen,6,sea,u10,1.2936279562195545,1.6407662627334043,152
v9_1_frozen,6,sea,v10,1.313900901700936,1.740370340290477,152
v9_1_frozen,6,sea,t2m,0.8291226002017847,1.096794360951144,152
v9_1_frozen,6,sea,tp,0.010581597448304367,0.02339585002673354,152
