baseline,scope,lead_hour,region,variable,v9_2_rmse,baseline_rmse,rmse_skill,rmse_skill_percent
dense_era5t_persistence,aggregate,,full,msl,1.0513261517721892,0.8439440727383127,-0.24572964694330035,-24.572964694330036
dense_era5t_persistence,aggregate,,full,u10,1.356443604140839,1.464113083030819,0.07353904567746683,7.353904567746683
dense_era5t_persistence,aggregate,,full,v10,1.3778617825242958,1.3203783885912113,-0.04353554589333819,-4.353554589333819
dense_era5t_persistence,aggregate,,full,t2m,2.1983913006352758,3.9050493203053516,0.4370387873965764,43.70387873965764
dense_era5t_persistence,aggregate,,full,tp,0.12220161038164311,0.1543342116590707,0.20820141517559032,20.820141517559033
dense_era5t_persistence,aggregate,,land,msl,1.1757597333920273,0.9155755444200224,-0.2841755555373864,-28.417555553738637
dense_era5t_persistence,aggregate,,land,u10,1.1720139022607203,1.152405853539446,-0.01701488122526551,-1.701488122526551
dense_era5t_persistence,aggregate,,land,v10,1.1300578103780088,1.0520534147313598,-0.07414490039611454,-7.414490039611454
dense_era5t_persistence,aggregate,,land,t2m,2.773278870789069,5.11389561225219,0.4576974031021136,45.76974031021136
dense_era5t_persistence,aggregate,,land,tp,0.15996316855983347,0.20275531764625168,0.21105315304764483,21.10531530476448
dense_era5t_persistence,aggregate,,sea,msl,0.8591257273081214,0.7384054441162564,-0.16348780220106085,-16.348780220106086
dense_era5t_persistence,aggregate,,sea,u10,1.5677425749071459,1.7956283150576573,0.12691142049806337,12.691142049806336
dense_era5t_persistence,aggregate,,sea,v10,1.6498345585823881,1.608375319598335,-0.025777092248845834,-2.5777092248845834
dense_era5t_persistence,aggregate,,sea,t2m,1.0226796792272466,0.8964227015471182,-0.14084535951870025,-14.084535951870025
dense_era5t_persistence,aggregate,,sea,tp,0.02855490862156259,0.030148154350879423,0.05284720619291772,5.284720619291772
dense_era5t_persistence,per_lead,1,full,msl,0.9973468937868664,0.3334832379273913,-1.990695724275104,-199.0695724275104
dense_era5t_persistence,per_lead,1,full,u10,1.3167071022955528,0.634681696056641,-1.074594415557315,-107.4594415557315
dense_era5t_persistence,per_lead,1,full,v10,1.3720841264125898,0.5898248054775458,-1.3262570744234732,-132.6257074423473
dense_era5t_persistence,per_lead,1,full,t2m,2.2049340008274383,1.1852657421552628,-0.860286619621716,-86.02866196217161
dense_era5t_persistence,per_lead,1,full,tp,0.12220017821638035,0.13468963393903136,0.09272766847302061,9.27276684730206
dense_era5t_persistence,per_lead,1,land,msl,1.0931442097733746,0.35651770056859466,-2.0661709307278886,-206.61709307278886
dense_era5t_persistence,per_lead,1,land,u10,1.1452058945096177,0.5171011947711022,-1.2146649555055653,-121.46649555055653
dense_era5t_persistence,per_lead,1,land,v10,1.0973279609327542,0.4836212307012567,-1.2689821936510421,-126.89821936510421
dense_era5t_persistence,per_lead,1,land,t2m,2.7855374688717864,1.5483246405622586,-0.7990655162991183,-79.90655162991183
dense_era5t_persistence,per_lead,1,land,tp,0.1595809815413709,0.17648730754225958,0.0957934382722706,9.57934382722706
dense_era5t_persistence,per_lead,1,sea,msl,0.8540209439860209,0.30025286653968386,-1.844339019401657,-184.4339019401657
dense_era5t_persistence,per_lead,1,sea,u10,1.5143184895149109,0.7630608810111735,-0.9845316765658396,-98.45316765658396
dense_era5t_persistence,per_lead,1,sea,v10,1.6678156552200982,0.7063627570866332,-1.3611319233462158,-136.11319233462157
dense_era5t_persistence,per_lead,1,sea,t2m,1.0112201870581548,0.29975475766321896,-2.3734917001527056,-237.34917001527057
dense_era5t_persistence,per_lead,1,sea,tp,0.031247167161286532,0.03012842149958279,-0.03713256805436127,-3.713256805436127
dense_era5t_persistence,per_lead,2,full,msl,0.9867175041220111,0.5585043347293073,-0.7667141376803239,-76.6714137680324
dense_era5t_persistence,per_lead,2,full,u10,1.322282690308043,1.0763118948491255,-0.2285311503441081,-22.85311503441081
dense_era5t_persistence,per_lead,2,full,v10,1.3411980236902445,0.9854409370375543,-0.36101309909264767,-36.10130990926477
dense_era5t_persistence,per_lead,2,full,t2m,2.1198135083126535,2.2563259294351954,0.0605020840923961,6.050208409239611
dense_era5t_persistence,per_lead,2,full,tp,0.1222261732136087,0.15509446154294473,0.21192432020040253,21.192432020040254
dense_era5t_persistence,per_lead,2,land,msl,1.0802683621019302,0.5990902279825596,-0.8031814101520922,-80.31814101520922
dense_era5t_persistence,per_lead,2,land,u10,1.147474325524969,0.841849294942717,-0.36304007429625296,-36.304007429625294
dense_era5t_persistence,per_lead,2,land,v10,1.0922518085146347,0.7789667325109496,-0.4021803023523618,-40.21803023523618
dense_era5t_persistence,per_lead,2,land,t2m,2.66872455241713,2.950983338065315,0.09564906111372218,9.564906111372217
dense_era5t_persistence,per_lead,2,land,tp,0.1598448947029029,0.20367297216425934,0.21518848080642594,21.518848080642595
dense_era5t_persistence,per_lead,2,sea,msl,0.8469937625670154,0.4996758244292063,-0.6950865364250116,-69.50865364250116
dense_era5t_persistence,per_lead,2,sea,u10,1.5233119538282658,1.3245183649014776,-0.15008745382067623,-15.008745382067623
dense_era5t_persistence,per_lead,2,sea,v10,1.612914955941745,1.2057352645502608,-0.3377023989949919,-33.77023989949919
dense_era5t_persistence,per_lead,2,sea,t2m,1.005421016149253,0.5459757783935084,-0.8415121255152136,-84.15121255152135
dense_era5t_persistence,per_lead,2,sea,tp,0.029655686932843907,0.031010940746249792,0.04370244116408428,4.370244116408428
dense_era5t_persistence,per_lead,3,full,msl,1.0186793706010715,0.7582634988578318,-0.3434371720853011,-34.34371720853011
dense_era5t_persistence,per_lead,3,full,u10,1.3388088178118902,1.3879493617846548,0.035405141805446405,3.5405141805446405
dense_era5t_persistence,per_lead,3,full,v10,1.3444302934834877,1.2573409577797103,-0.06926469321222539,-6.926469321222539
dense_era5t_persistence,per_lead,3,full,t2m,2.148427405209527,3.2467382089476393,0.33828129434990883,33.828129434990885
dense_era5t_persistence,per_lead,3,full,tp,0.12189036095737538,0.1562284805974947,0.219794236676907,21.9794236676907
dense_era5t_persistence,per_lead,3,land,msl,1.1304851436792684,0.8143314522192121,-0.3882371122943562,-38.82371122943562
dense_era5t_persistence,per_lead,3,land,u10,1.154616873196843,1.0662511946567226,-0.08287510389947972,-8.287510389947972
dense_era5t_persistence,per_lead,3,land,v10,1.107960689967458,0.9797189714107285,-0.13089643285366837,-13.089643285366837
dense_era5t_persistence,per_lead,3,land,t2m,2.7059844172186094,4.249057539248561,0.3631565606670607,36.31565606670607
dense_era5t_persistence,per_lead,3,land,tp,0.1596074410224771,0.20534186974413174,0.22272334803731209,22.27233480373121
dense_era5t_persistence,per_lead,3,sea,msl,0.8481301404263782,0.6768569972346149,-0.2530418447198175,-25.30418447198175
dense_era5t_persistence,per_lead,3,sea,u10,1.5494968146577108,1.7240958770905763,0.10126992631494636,10.126992631494636
dense_era5t_persistence,per_lead,3,sea,v10,1.6049552681317887,1.5504215030624418,-0.035173509243538126,-3.5173509243538126
dense_era5t_persistence,per_lead,3,sea,t2m,1.0146330744062129,0.7657311580147106,-0.32505131048450897,-32.5051310484509
dense_era5t_persistence,per_lead,3,sea,tp,0.028095738820720424,0.029632087346624238,0.051847462108633335,5.1847462108633335
dense_era5t_persistence,per_lead,4,full,msl,1.0659572687362138,0.9240430644356245,-0.15357964337654106,-15.357964337654106
dense_era5t_persistence,per_lead,4,full,u10,1.357545409893654,1.6121995255474222,0.15795446631663068,15.795446631663069
dense_era5t_persistence,per_lead,4,full,v10,1.3658570873230862,1.4516748320499515,0.05911636878465376,5.9116368784653766
dense_era5t_persistence,per_lead,4,full,t2m,2.1992793424049037,4.153192623488326,0.47046054883972666,47.046054883972666
dense_era5t_persistence,per_lead,4,full,tp,0.12134393955920846,0.15925449846472814,0.23805016040985594,23.805016040985592
dense_era5t_persistence,per_lead,4,land,msl,1.2032829109823628,0.9964961258414856,-0.2075138876894853,-20.75138876894853
dense_era5t_persistence,per_lead,4,land,u10,1.1697057225157066,1.2442429204271113,0.059905663667202735,5.990566366720273
dense_era5t_persistence,per_lead,4,land,v10,1.129431558013478,1.1370297102327667,0.006682457064145941,0.6682457064145941
dense_era5t_persistence,per_lead,4,land,t2m,2.7739710672651356,5.437886706785053,0.4898806803378326,48.988068033783264
dense_era5t_persistence,per_lead,4,land,tp,0.1589088431386289,0.20935343790009908,0.24095422204407135,24.095422204407136
dense_era5t_persistence,per_lead,4,sea,msl,0.8505068797643538,0.8182195513939264,-0.0394604703779351,-3.9460470377935097
dense_era5t_persistence,per_lead,4,sea,u10,1.572237568854593,1.997955056173422,0.21307660850699173,21.307660850699172
dense_era5t_persistence,per_lead,4,sea,v10,1.6270369546631975,1.7851059162639216,0.08854878590708459,8.85487859070846
dense_era5t_persistence,per_lead,4,sea,t2m,1.024629624109561,0.9606691249622642,-0.06657911395852256,-6.657911395852256
dense_era5t_persistence,per_lead,4,sea,tp,0.027842244178047735,0.02988974625400042,0.06850182194767374,6.850182194767374
dense_era5t_persistence,per_lead,5,full,msl,1.0997785457884177,1.0521243869585715,-0.04529327465510291,-4.529327465510291
dense_era5t_persistence,per_lead,5,full,u10,1.3826042136535095,1.7776487590659598,0.22222868460247502,22.222868460247504
dense_era5t_persistence,per_lead,5,full,v10,1.4004179681283873,1.5965892904618333,0.1228689954926987,12.286899549269869
dense_era5t_persistence,per_lead,5,full,t2m,2.237966699585901,4.971725559940444,0.5498611754401204,54.98611754401204
dense_era5t_persistence,per_lead,5,full,tp,0.1222715871513966,0.15992932544776114,0.23546487294267338,23.546487294267337
dense_era5t_persistence,per_lead,5,land,msl,1.246984226962118,1.1427477572020301,-0.09121564151244232,-9.121564151244232
dense_era5t_persistence,per_lead,5,land,u10,1.1915269647571498,1.3984643910852543,0.14797475548699124,14.797475548699124
dense_era5t_persistence,per_lead,5,land,v10,1.1593844662657464,1.2713542453740454,0.0880712669310797,8.80712669310797
dense_era5t_persistence,per_lead,5,land,t2m,2.824980550980243,6.512011475069818,0.5661892547647953,56.61892547647953
dense_era5t_persistence,per_lead,5,land,tp,0.16020650376700524,0.21023189283415758,0.23795337801869632,23.795337801869632
dense_era5t_persistence,per_lead,5,sea,msl,0.8670539620998337,0.9183759217305845,0.05588338981496799,5.588338981496799
dense_era5t_persistence,per_lead,5,sea,u10,1.6010328335917832,2.1807740865948295,0.26584195793901955,26.584195793901955
dense_era5t_persistence,per_lead,5,sea,v10,1.6669412189300181,1.9455073181023879,0.14318429778207054,14.318429778207054
dense_era5t_persistence,per_lead,5,sea,t2m,1.0346826711034558,1.1318741770464604,0.08586776508729832,8.586776508729832
dense_era5t_persistence,per_lead,5,sea,tp,0.027421319839857815,0.0300966797690479,0.08889219507666368,8.889219507666368
dense_era5t_persistence,per_lead,6,full,msl,1.1313365530545667,1.1465280551762216,0.013250004701646834,1.3250004701646834
dense_era5t_persistence,per_lead,6,full,u10,1.4179398431446473,1.9012808097297205,0.25421861100769394,25.421861100769394
dense_era5t_persistence,per_lead,6,full,v10,1.4406119113968614,1.7041255611812152,0.1546327663800191,15.463276638001911
dense_era5t_persistence,per_lead,6,full,t2m,2.276211263565787,5.700195310349618,0.6006783733474955,60.067837334749555
dense_era5t_persistence,per_lead,6,full,tp,0.12326932999758515,0.15928584767456605,0.22611247767953357,22.61124776795336
dense_era5t_persistence,per_lead,6,land,msl,1.285171436129464,1.2576346105592033,-0.021895728170216566,-2.1895728170216566
dense_era5t_persistence,per_lead,6,land,u10,1.2216454252751157,1.5334265285070872,0.20332314423666276,20.332314423666276
dense_era5t_persistence,per_lead,6,land,v10,1.1906621629838938,1.3896734211385744,0.14320721338372333,14.320721338372334
dense_era5t_persistence,per_lead,6,land,t2m,2.875302102763685,7.468236932827333,0.6149958646698759,61.49958646698759
dense_era5t_persistence,per_lead,6,land,tp,0.16161723990735768,0.20937112860663462,0.22808249168392603,22.808249168392603
dense_era5t_persistence,per_lead,6,sea,msl,0.8873345617763698,0.9800994456766178,0.09464844032863129,9.464844032863128
dense_era5t_persistence,per_lead,6,sea,u10,1.6422799410895172,2.2997758263093377,0.2858956415221412,28.58956415221412
dense_era5t_persistence,per_lead,6,sea,v10,1.7166237261983441,2.047699305354758,0.1616817363226365,16.16817363226365
dense_era5t_persistence,per_lead,6,sea,t2m,1.04493554788506,1.2818467018661617,0.18482019233360536,18.482019233360536
dense_era5t_persistence,per_lead,6,sea,tp,0.02683210265220665,0.030113109633441108,0.10895609989048904,10.895609989048904
