year,month,instant_path,accum_path,instant_bytes,accum_bytes,time_steps,expected_time_steps,start_time,end_time,latitude_count,longitude_count,latitude_min,latitude_max,longitude_min,longitude_max,latitude_step,longitude_step,instant_variables,accum_variables,nan_count,valid,errors
2010,1,era5_std_adriatic_2010_01_instant.nc,era5_std_adriatic_2010_01_accum.nc,8001611,1539733,744,744,2010-01-01T00:00:00.000000000,2010-01-31T23:00:00.000000000,31,33,39.0,46.5,12.0,20.0,0.25,0.25,"[""i10fg"", ""msl"", ""t2m"", ""u10"", ""v10""]","[""ssrd"", ""tp""]",0,True,none
2010,2,era5_std_adriatic_2010_02_instant.nc,era5_std_adriatic_2010_02_accum.nc,7298872,1442975,672,672,2010-02-01T00:00:00.000000000,2010-02-28T23:00:00.000000000,31,33,39.0,46.5,12.0,20.0,0.25,0.25,"[""i10fg"", ""msl"", ""t2m"", ""u10"", ""v10""]","[""ssrd"", ""tp""]",0,True,none
2010,3,era5_std_adriatic_2010_03_instant.nc,era5_std_adriatic_2010_03_accum.nc,8001085,1433836,744,744,2010-03-01T00:00:00.000000000,2010-03-31T23:00:00.000000000,31,33,39.0,46.5,12.0,20.0,0.25,0.25,"[""i10fg"", ""msl"", ""t2m"", ""u10"", ""v10""]","[""ssrd"", ""tp""]",0,True,none
2010,4,era5_std_adriatic_2010_04_instant.nc,era5_std_adriatic_2010_04_accum.nc,7719092,1487457,720,720,2010-04-01T00:00:00.000000000,2010-04-30T23:00:00.000000000,31,33,39.0,46.5,12.0,20.0,0.25,0.25,"[""i10fg"", ""msl"", ""t2m"", ""u10"", ""v10""]","[""ssrd"", ""tp""]",0,True,none
2010,5,era5_std_adriatic_2010_05_instant.nc,era5_std_adriatic_2010_05_accum.nc,8000023,1673617,744,744,2010-05-01T00:00:00.000000000,2010-05-31T23:00:00.000000000,31,33,39.0,46.5,12.0,20.0,0.25,0.25,"[""i10fg"", ""msl"", ""t2m"", ""u10"", ""v10""]","[""ssrd"", ""tp""]",0,True,none
2010,6,era5_std_adriatic_2010_06_instant.nc,era5_std_adriatic_2010_06_accum.nc,7727240,1516027,720,720,2010-06-01T00:00:00.000000000,2010-06-30T23:00:00.000000000,31,33,39.0,46.5,12.0,20.0,0.25,0.25,"[""i10fg"", ""msl"", ""t2m"", ""u10"", ""v10""]","[""ssrd"", ""tp""]",0,True,none
2010,7,era5_std_adriatic_2010_07_instant.nc,era5_std_adriatic_2010_07_accum.nc,7960321,1393679,744,744,2010-07-01T00:00:00.000000000,2010-07-31T23:00:00.000000000,31,33,39.0,46.5,12.0,20.0,0.25,0.25,"[""i10fg"", ""msl"", ""t2m"", ""u10"", ""v10""]","[""ssrd"", ""tp""]",0,True,none
2010,8,era5_std_adriatic_2010_08_instant.nc,era5_std_adriatic_2010_08_accum.nc,7984168,1269904,744,744,2010-08-01T00:00:00.000000000,2010-08-31T23:00:00.000000000,31,33,39.0,46.5,12.0,20.0,0.25,0.25,"[""i10fg"", ""msl"", ""t2m"", ""u10"", ""v10""]","[""ssrd"", ""tp""]",0,True,none
2010,9,era5_std_adriatic_2010_09_instant.nc,era5_std_adriatic_2010_09_accum.nc,7731965,1455570,720,720,2010-09-01T00:00:00.000000000,2010-09-30T23:00:00.000000000,31,33,39.0,46.5,12.0,20.0,0.25,0.25,"[""i10fg"", ""msl"", ""t2m"", ""u10"", ""v10""]","[""ssrd"", ""tp""]",0,True,none
2010,10,era5_std_adriatic_2010_10_instant.nc,era5_std_adriatic_2010_10_accum.nc,7978447,1498845,744,744,2010-10-01T00:00:00.000000000,2010-10-31T23:00:00.000000000,31,33,39.0,46.5,12.0,20.0,0.25,0.25,"[""i10fg"", ""msl"", ""t2m"", ""u10"", ""v10""]","[""ssrd"", ""tp""]",0,True,none
2010,11,era5_std_adriatic_2010_11_instant.nc,era5_std_adriatic_2010_11_accum.nc,7761911,1485295,720,720,2010-11-01T00:00:00.000000000,2010-11-30T23:00:00.000000000,31,33,39.0,46.5,12.0,20.0,0.25,0.25,"[""i10fg"", ""msl"", ""t2m"", ""u10"", ""v10""]","[""ssrd"", ""tp""]",0,True,none
2010,12,era5_std_adriatic_2010_12_instant.nc,era5_std_adriatic_2010_12_accum.nc,8090273,1461451,744,744,2010-12-01T00:00:00.000000000,2010-12-31T23:00:00.000000000,31,33,39.0,46.5,12.0,20.0,0.25,0.25,"[""i10fg"", ""msl"", ""t2m"", ""u10"", ""v10""]","[""ssrd"", ""tp""]",0,True,none
2011,1,era5_std_adriatic_2011_01_instant.nc,era5_std_adriatic_2011_01_accum.nc,7975173,1354012,744,744,2011-01-01T00:00:00.000000000,2011-01-31T23:00:00.000000000,31,33,39.0,46.5,12.0,20.0,0.25,0.25,"[""i10fg"", ""msl"", ""t2m"", ""u10"", ""v10""]","[""ssrd"", ""tp""]",0,True,none
2011,2,era5_std_adriatic_2011_02_instant.nc,era5_std_adriatic_2011_02_accum.nc,7234670,1180856,672,672,2011-02-01T00:00:00.000000000,2011-02-28T23:00:00.000000000,31,33,39.0,46.5,12.0,20.0,0.25,0.25,"[""i10fg"", ""msl"", ""t2m"", ""u10"", ""v10""]","[""ssrd"", ""tp""]",0,True,none
2011,3,era5_std_adriatic_2011_03_instant.nc,era5_std_adriatic_2011_03_accum.nc,8002298,1460835,744,744,2011-03-01T00:00:00.000000000,2011-03-31T23:00:00.000000000,31,33,39.0,46.5,12.0,20.0,0.25,0.25,"[""i10fg"", ""msl"", ""t2m"", ""u10"", ""v10""]","[""ssrd"", ""tp""]",0,True,none
2011,4,era5_std_adriatic_2011_04_instant.nc,era5_std_adriatic_2011_04_accum.nc,7737263,1290796,720,720,2011-04-01T00:00:00.000000000,2011-04-30T23:00:00.000000000,31,33,39.0,46.5,12.0,20.0,0.25,0.25,"[""i10fg"", ""msl"", ""t2m"", ""u10"", ""v10""]","[""ssrd"", ""tp""]",0,True,none
2011,5,era5_std_adriatic_2011_05_instant.nc,era5_std_adriatic_2011_05_accum.nc,7982117,1474999,744,744,2011-05-01T00:00:00.000000000,2011-05-31T23:00:00.000000000,31,33,39.0,46.5,12.0,20.0,0.25,0.25,"[""i10fg"", ""msl"", ""t2m"", ""u10"", ""v10""]","[""ssrd"", ""tp""]",0,True,none
2011,6,era5_std_adriatic_2011_06_instant.nc,era5_std_adriatic_2011_06_accum.nc,7720447,1438274,720,720,2011-06-01T00:00:00.000000000,2011-06-30T23:00:00.000000000,31,33,39.0,46.5,12.0,20.0,0.25,0.25,"[""i10fg"", ""msl"", ""t2m"", ""u10"", ""v10""]","[""ssrd"", ""tp""]",0,True,none
2011,7,era5_std_adriatic_2011_07_instant.nc,era5_std_adriatic_2011_07_accum.nc,8009542,1484286,744,744,2011-07-01T00:00:00.000000000,2011-07-31T23:00:00.000000000,31,33,39.0,46.5,12.0,20.0,0.25,0.25,"[""i10fg"", ""msl"", ""t2m"", ""u10"", ""v10""]","[""ssrd"", ""tp""]",0,True,none
2011,8,era5_std_adriatic_2011_08_instant.nc,era5_std_adriatic_2011_08_accum.nc,7958461,1112099,744,744,2011-08-01T00:00:00.000000000,2011-08-31T23:00:00.000000000,31,33,39.0,46.5,12.0,20.0,0.25,0.25,"[""i10fg"", ""msl"", ""t2m"", ""u10"", ""v10""]","[""ssrd"", ""tp""]",0,True,none
2011,9,era5_std_adriatic_2011_09_instant.nc,era5_std_adriatic_2011_09_accum.nc,7719286,1137675,720,720,2011-09-01T00:00:00.000000000,2011-09-30T23:00:00.000000000,31,33,39.0,46.5,12.0,20.0,0.25,0.25,"[""i10fg"", ""msl"", ""t2m"", ""u10"", ""v10""]","[""ssrd"", ""tp""]",0,True,none
2011,10,era5_std_adriatic_2011_10_instant.nc,era5_std_adriatic_2011_10_accum.nc,7948352,1283954,744,744,2011-10-01T00:00:00.000000000,2011-10-31T23:00:00.000000000,31,33,39.0,46.5,12.0,20.0,0.25,0.25,"[""i10fg"", ""msl"", ""t2m"", ""u10"", ""v10""]","[""ssrd"", ""tp""]",0,True,none
2011,11,era5_std_adriatic_2011_11_instant.nc,era5_std_adriatic_2011_11_accum.nc,7668237,1136373,720,720,2011-11-01T00:00:00.000000000,2011-11-30T23:00:00.000000000,31,33,39.0,46.5,12.0,20.0,0.25,0.25,"[""i10fg"", ""msl"", ""t2m"", ""u10"", ""v10""]","[""ssrd"", ""tp""]",0,True,none
2011,12,era5_std_adriatic_2011_12_instant.nc,era5_std_adriatic_2011_12_accum.nc,8034007,1371321,744,744,2011-12-01T00:00:00.000000000,2011-12-31T23:00:00.000000000,31,33,39.0,46.5,12.0,20.0,0.25,0.25,"[""i10fg"", ""msl"", ""t2m"", ""u10"", ""v10""]","[""ssrd"", ""tp""]",0,True,none
2012,1,era5_std_adriatic_2012_01_instant.nc,era5_std_adriatic_2012_01_accum.nc,8028465,1261181,744,744,2012-01-01T00:00:00.000000000,2012-01-31T23:00:00.000000000,31,33,39.0,46.5,12.0,20.0,0.25,0.25,"[""i10fg"", ""msl"", ""t2m"", ""u10"", ""v10""]","[""ssrd"", ""tp""]",0,True,none
2012,2,era5_std_adriatic_2012_02_instant.nc,era5_std_adriatic_2012_02_accum.nc,7593582,1449886,696,696,2012-02-01T00:00:00.000000000,2012-02-29T23:00:00.000000000,31,33,39.0,46.5,12.0,20.0,0.25,0.25,"[""i10fg"", ""msl"", ""t2m"", ""u10"", ""v10""]","[""ssrd"", ""tp""]",0,True,none
2012,3,era5_std_adriatic_2012_03_instant.nc,era5_std_adriatic_2012_03_accum.nc,7989664,1147550,744,744,2012-03-01T00:00:00.000000000,2012-03-31T23:00:00.000000000,31,33,39.0,46.5,12.0,20.0,0.25,0.25,"[""i10fg"", ""msl"", ""t2m"", ""u10"", ""v10""]","[""ssrd"", ""tp""]",0,True,none
2012,4,era5_std_adriatic_2012_04_instant.nc,era5_std_adriatic_2012_04_accum.nc,7762616,1593564,720,720,2012-04-01T00:00:00.000000000,2012-04-30T23:00:00.000000000,31,33,39.0,46.5,12.0,20.0,0.25,0.25,"[""i10fg"", ""msl"", ""t2m"", ""u10"", ""v10""]","[""ssrd"", ""tp""]",0,True,none
2012,5,era5_std_adriatic_2012_05_instant.nc,era5_std_adriatic_2012_05_accum.nc,7991184,1540508,744,744,2012-05-01T00:00:00.000000000,2012-05-31T23:00:00.000000000,31,33,39.0,46.5,12.0,20.0,0.25,0.25,"[""i10fg"", ""msl"", ""t2m"", ""u10"", ""v10""]","[""ssrd"", ""tp""]",0,True,none
2012,6,era5_std_adriatic_2012_06_instant.nc,era5_std_adriatic_2012_06_accum.nc,7752090,1230592,720,720,2012-06-01T00:00:00.000000000,2012-06-30T23:00:00.000000000,31,33,39.0,46.5,12.0,20.0,0.25,0.25,"[""i10fg"", ""msl"", ""t2m"", ""u10"", ""v10""]","[""ssrd"", ""tp""]",0,True,none
2012,7,era5_std_adriatic_2012_07_instant.nc,era5_std_adriatic_2012_07_accum.nc,8042913,1275555,744,744,2012-07-01T00:00:00.000000000,2012-07-31T23:00:00.000000000,31,33,39.0,46.5,12.0,20.0,0.25,0.25,"[""i10fg"", ""msl"", ""t2m"", ""u10"", ""v10""]","[""ssrd"", ""tp""]",0,True,none
2012,8,era5_std_adriatic_2012_08_instant.nc,era5_std_adriatic_2012_08_accum.nc,7988262,1054475,744,744,2012-08-01T00:00:00.000000000,2012-08-31T23:00:00.000000000,31,33,39.0,46.5,12.0,20.0,0.25,0.25,"[""i10fg"", ""msl"", ""t2m"", ""u10"", ""v10""]","[""ssrd"", ""tp""]",0,True,none
2012,9,era5_std_adriatic_2012_09_instant.nc,era5_std_adriatic_2012_09_accum.nc,7770319,1341064,720,720,2012-09-01T00:00:00.000000000,2012-09-30T23:00:00.000000000,31,33,39.0,46.5,12.0,20.0,0.25,0.25,"[""i10fg"", ""msl"", ""t2m"", ""u10"", ""v10""]","[""ssrd"", ""tp""]",0,True,none
2012,10,era5_std_adriatic_2012_10_instant.nc,era5_std_adriatic_2012_10_accum.nc,7927037,1410043,744,744,2012-10-01T00:00:00.000000000,2012-10-31T23:00:00.000000000,31,33,39.0,46.5,12.0,20.0,0.25,0.25,"[""i10fg"", ""msl"", ""t2m"", ""u10"", ""v10""]","[""ssrd"", ""tp""]",0,True,none
2012,11,era5_std_adriatic_2012_11_instant.nc,era5_std_adriatic_2012_11_accum.nc,7723184,1399214,720,720,2012-11-01T00:00:00.000000000,2012-11-30T23:00:00.000000000,31,33,39.0,46.5,12.0,20.0,0.25,0.25,"[""i10fg"", ""msl"", ""t2m"", ""u10"", ""v10""]","[""ssrd"", ""tp""]",0,True,none
2012,12,era5_std_adriatic_2012_12_instant.nc,era5_std_adriatic_2012_12_accum.nc,8076841,1413943,744,744,2012-12-01T00:00:00.000000000,2012-12-31T23:00:00.000000000,31,33,39.0,46.5,12.0,20.0,0.25,0.25,"[""i10fg"", ""msl"", ""t2m"", ""u10"", ""v10""]","[""ssrd"", ""tp""]",0,True,none
2013,1,era5_std_adriatic_2013_01_instant.nc,era5_std_adriatic_2013_01_accum.nc,8059125,1470515,744,744,2013-01-01T00:00:00.000000000,2013-01-31T23:00:00.000000000,31,33,39.0,46.5,12.0,20.0,0.25,0.25,"[""i10fg"", ""msl"", ""t2m"", ""u10"", ""v10""]","[""ssrd"", ""tp""]",0,True,none
2013,2,era5_std_adriatic_2013_02_instant.nc,era5_std_adriatic_2013_02_accum.nc,7281250,1507301,672,672,2013-02-01T00:00:00.000000000,2013-02-28T23:00:00.000000000,31,33,39.0,46.5,12.0,20.0,0.25,0.25,"[""i10fg"", ""msl"", ""t2m"", ""u10"", ""v10""]","[""ssrd"", ""tp""]",0,True,none
2013,3,era5_std_adriatic_2013_03_instant.nc,era5_std_adriatic_2013_03_accum.nc,8030601,1635434,744,744,2013-03-01T00:00:00.000000000,2013-03-31T23:00:00.000000000,31,33,39.0,46.5,12.0,20.0,0.25,0.25,"[""i10fg"", ""msl"", ""t2m"", ""u10"", ""v10""]","[""ssrd"", ""tp""]",0,True,none
2013,4,era5_std_adriatic_2013_04_instant.nc,era5_std_adriatic_2013_04_accum.nc,7728844,1370543,720,720,2013-04-01T00:00:00.000000000,2013-04-30T23:00:00.000000000,31,33,39.0,46.5,12.0,20.0,0.25,0.25,"[""i10fg"", ""msl"", ""t2m"", ""u10"", ""v10""]","[""ssrd"", ""tp""]",0,True,none
2013,5,era5_std_adriatic_2013_05_instant.nc,era5_std_adriatic_2013_05_accum.nc,8020481,1700279,744,744,2013-05-01T00:00:00.000000000,2013-05-31T23:00:00.000000000,31,33,39.0,46.5,12.0,20.0,0.25,0.25,"[""i10fg"", ""msl"", ""t2m"", ""u10"", ""v10""]","[""ssrd"", ""tp""]",0,True,none
2013,6,era5_std_adriatic_2013_06_instant.nc,era5_std_adriatic_2013_06_accum.nc,7674461,1471814,720,720,2013-06-01T00:00:00.000000000,2013-06-30T23:00:00.000000000,31,33,39.0,46.5,12.0,20.0,0.25,0.25,"[""i10fg"", ""msl"", ""t2m"", ""u10"", ""v10""]","[""ssrd"", ""tp""]",0,True,none
2013,7,era5_std_adriatic_2013_07_instant.nc,era5_std_adriatic_2013_07_accum.nc,7968481,1310685,744,744,2013-07-01T00:00:00.000000000,2013-07-31T23:00:00.000000000,31,33,39.0,46.5,12.0,20.0,0.25,0.25,"[""i10fg"", ""msl"", ""t2m"", ""u10"", ""v10""]","[""ssrd"", ""tp""]",0,True,none
2013,8,era5_std_adriatic_2013_08_instant.nc,era5_std_adriatic_2013_08_accum.nc,7993113,1259658,744,744,2013-08-01T00:00:00.000000000,2013-08-31T23:00:00.000000000,31,33,39.0,46.5,12.0,20.0,0.25,0.25,"[""i10fg"", ""msl"", ""t2m"", ""u10"", ""v10""]","[""ssrd"", ""tp""]",0,True,none
2013,9,era5_std_adriatic_2013_09_instant.nc,era5_std_adriatic_2013_09_accum.nc,7702137,1310367,720,720,2013-09-01T00:00:00.000000000,2013-09-30T23:00:00.000000000,31,33,39.0,46.5,12.0,20.0,0.25,0.25,"[""i10fg"", ""msl"", ""t2m"", ""u10"", ""v10""]","[""ssrd"", ""tp""]",0,True,none
2013,10,era5_std_adriatic_2013_10_instant.nc,era5_std_adriatic_2013_10_accum.nc,7973706,1343294,744,744,2013-10-01T00:00:00.000000000,2013-10-31T23:00:00.000000000,31,33,39.0,46.5,12.0,20.0,0.25,0.25,"[""i10fg"", ""msl"", ""t2m"", ""u10"", ""v10""]","[""ssrd"", ""tp""]",0,True,none
2013,11,era5_std_adriatic_2013_11_instant.nc,era5_std_adriatic_2013_11_accum.nc,7777209,1524154,720,720,2013-11-01T00:00:00.000000000,2013-11-30T23:00:00.000000000,31,33,39.0,46.5,12.0,20.0,0.25,0.25,"[""i10fg"", ""msl"", ""t2m"", ""u10"", ""v10""]","[""ssrd"", ""tp""]",0,True,none
2013,12,era5_std_adriatic_2013_12_instant.nc,era5_std_adriatic_2013_12_accum.nc,7970274,1136039,744,744,2013-12-01T00:00:00.000000000,2013-12-31T23:00:00.000000000,31,33,39.0,46.5,12.0,20.0,0.25,0.25,"[""i10fg"", ""msl"", ""t2m"", ""u10"", ""v10""]","[""ssrd"", ""tp""]",0,True,none
2014,1,era5_std_adriatic_2014_01_instant.nc,era5_std_adriatic_2014_01_accum.nc,7981573,1481031,744,744,2014-01-01T00:00:00.000000000,2014-01-31T23:00:00.000000000,31,33,39.0,46.5,12.0,20.0,0.25,0.25,"[""i10fg"", ""msl"", ""t2m"", ""u10"", ""v10""]","[""ssrd"", ""tp""]",0,True,none
2014,2,era5_std_adriatic_2014_02_instant.nc,era5_std_adriatic_2014_02_accum.nc,7291377,1417062,672,672,2014-02-01T00:00:00.000000000,2014-02-28T23:00:00.000000000,31,33,39.0,46.5,12.0,20.0,0.25,0.25,"[""i10fg"", ""msl"", ""t2m"", ""u10"", ""v10""]","[""ssrd"", ""tp""]",0,True,none
2014,3,era5_std_adriatic_2014_03_instant.nc,era5_std_adriatic_2014_03_accum.nc,7978124,1368461,744,744,2014-03-01T00:00:00.000000000,2014-03-31T23:00:00.000000000,31,33,39.0,46.5,12.0,20.0,0.25,0.25,"[""i10fg"", ""msl"", ""t2m"", ""u10"", ""v10""]","[""ssrd"", ""tp""]",0,True,none
2014,4,era5_std_adriatic_2014_04_instant.nc,era5_std_adriatic_2014_04_accum.nc,7744202,1620169,720,720,2014-04-01T00:00:00.000000000,2014-04-30T23:00:00.000000000,31,33,39.0,46.5,12.0,20.0,0.25,0.25,"[""i10fg"", ""msl"", ""t2m"", ""u10"", ""v10""]","[""ssrd"", ""tp""]",0,True,none
2014,5,era5_std_adriatic_2014_05_instant.nc,era5_std_adriatic_2014_05_accum.nc,7961832,1628926,744,744,2014-05-01T00:00:00.000000000,2014-05-31T23:00:00.000000000,31,33,39.0,46.5,12.0,20.0,0.25,0.25,"[""i10fg"", ""msl"", ""t2m"", ""u10"", ""v10""]","[""ssrd"", ""tp""]",0,True,none
2014,6,era5_std_adriatic_2014_06_instant.nc,era5_std_adriatic_2014_06_accum.nc,7731549,1473053,720,720,2014-06-01T00:00:00.000000000,2014-06-30T23:00:00.000000000,31,33,39.0,46.5,12.0,20.0,0.25,0.25,"[""i10fg"", ""msl"", ""t2m"", ""u10"", ""v10""]","[""ssrd"", ""tp""]",0,True,none
2014,7,era5_std_adriatic_2014_07_instant.nc,era5_std_adriatic_2014_07_accum.nc,7988207,1625434,744,744,2014-07-01T00:00:00.000000000,2014-07-31T23:00:00.000000000,31,33,39.0,46.5,12.0,20.0,0.25,0.25,"[""i10fg"", ""msl"", ""t2m"", ""u10"", ""v10""]","[""ssrd"", ""tp""]",0,True,none
2014,8,era5_std_adriatic_2014_08_instant.nc,era5_std_adriatic_2014_08_accum.nc,7962875,1383392,744,744,2014-08-01T00:00:00.000000000,2014-08-31T23:00:00.000000000,31,33,39.0,46.5,12.0,20.0,0.25,0.25,"[""i10fg"", ""msl"", ""t2m"", ""u10"", ""v10""]","[""ssrd"", ""tp""]",0,True,none
2014,9,era5_std_adriatic_2014_09_instant.nc,era5_std_adriatic_2014_09_accum.nc,7693528,1581255,720,720,2014-09-01T00:00:00.000000000,2014-09-30T23:00:00.000000000,31,33,39.0,46.5,12.0,20.0,0.25,0.25,"[""i10fg"", ""msl"", ""t2m"", ""u10"", ""v10""]","[""ssrd"", ""tp""]",0,True,none
2014,10,era5_std_adriatic_2014_10_instant.nc,era5_std_adriatic_2014_10_accum.nc,7953424,1375933,744,744,2014-10-01T00:00:00.000000000,2014-10-31T23:00:00.000000000,31,33,39.0,46.5,12.0,20.0,0.25,0.25,"[""i10fg"", ""msl"", ""t2m"", ""u10"", ""v10""]","[""ssrd"", ""tp""]",0,True,none
2014,11,era5_std_adriatic_2014_11_instant.nc,era5_std_adriatic_2014_11_accum.nc,7707085,1368578,720,720,2014-11-01T00:00:00.000000000,2014-11-30T23:00:00.000000000,31,33,39.0,46.5,12.0,20.0,0.25,0.25,"[""i10fg"", ""msl"", ""t2m"", ""u10"", ""v10""]","[""ssrd"", ""tp""]",0,True,none
2014,12,era5_std_adriatic_2014_12_instant.nc,era5_std_adriatic_2014_12_accum.nc,8005121,1383325,744,744,2014-12-01T00:00:00.000000000,2014-12-31T23:00:00.000000000,31,33,39.0,46.5,12.0,20.0,0.25,0.25,"[""i10fg"", ""msl"", ""t2m"", ""u10"", ""v10""]","[""ssrd"", ""tp""]",0,True,none
2015,1,era5_std_adriatic_2015_01_instant.nc,era5_std_adriatic_2015_01_accum.nc,8052845,1361394,744,744,2015-01-01T00:00:00.000000000,2015-01-31T23:00:00.000000000,31,33,39.0,46.5,12.0,20.0,0.25,0.25,"[""i10fg"", ""msl"", ""t2m"", ""u10"", ""v10""]","[""ssrd"", ""tp""]",0,True,none
2015,2,era5_std_adriatic_2015_02_instant.nc,era5_std_adriatic_2015_02_accum.nc,7251952,1401102,672,672,2015-02-01T00:00:00.000000000,2015-02-28T23:00:00.000000000,31,33,39.0,46.5,12.0,20.0,0.25,0.25,"[""i10fg"", ""msl"", ""t2m"", ""u10"", ""v10""]","[""ssrd"", ""tp""]",0,True,none
2015,3,era5_std_adriatic_2015_03_instant.nc,era5_std_adriatic_2015_03_accum.nc,8006689,1481260,744,744,2015-03-01T00:00:00.000000000,2015-03-31T23:00:00.000000000,31,33,39.0,46.5,12.0,20.0,0.25,0.25,"[""i10fg"", ""msl"", ""t2m"", ""u10"", ""v10""]","[""ssrd"", ""tp""]",0,True,none
2015,4,era5_std_adriatic_2015_04_instant.nc,era5_std_adriatic_2015_04_accum.nc,7744851,1327092,720,720,2015-04-01T00:00:00.000000000,2015-04-30T23:00:00.000000000,31,33,39.0,46.5,12.0,20.0,0.25,0.25,"[""i10fg"", ""msl"", ""t2m"", ""u10"", ""v10""]","[""ssrd"", ""tp""]",0,True,none
2015,5,era5_std_adriatic_2015_05_instant.nc,era5_std_adriatic_2015_05_accum.nc,8004827,1447664,744,744,2015-05-01T00:00:00.000000000,2015-05-31T23:00:00.000000000,31,33,39.0,46.5,12.0,20.0,0.25,0.25,"[""i10fg"", ""msl"", ""t2m"", ""u10"", ""v10""]","[""ssrd"", ""tp""]",0,True,none
2015,6,era5_std_adriatic_2015_06_instant.nc,era5_std_adriatic_2015_06_accum.nc,7713806,1401575,720,720,2015-06-01T00:00:00.000000000,2015-06-30T23:00:00.000000000,31,33,39.0,46.5,12.0,20.0,0.25,0.25,"[""i10fg"", ""msl"", ""t2m"", ""u10"", ""v10""]","[""ssrd"", ""tp""]",0,True,none
2015,7,era5_std_adriatic_2015_07_instant.nc,era5_std_adriatic_2015_07_accum.nc,7998477,1250028,744,744,2015-07-01T00:00:00.000000000,2015-07-31T23:00:00.000000000,31,33,39.0,46.5,12.0,20.0,0.25,0.25,"[""i10fg"", ""msl"", ""t2m"", ""u10"", ""v10""]","[""ssrd"", ""tp""]",0,True,none
2015,8,era5_std_adriatic_2015_08_instant.nc,era5_std_adriatic_2015_08_accum.nc,7950697,1362170,744,744,2015-08-01T00:00:00.000000000,2015-08-31T23:00:00.000000000,31,33,39.0,46.5,12.0,20.0,0.25,0.25,"[""i10fg"", ""msl"", ""t2m"", ""u10"", ""v10""]","[""ssrd"", ""tp""]",0,True,none
2015,9,era5_std_adriatic_2015_09_instant.nc,era5_std_adriatic_2015_09_accum.nc,7749050,1323037,720,720,2015-09-01T00:00:00.000000000,2015-09-30T23:00:00.000000000,31,33,39.0,46.5,12.0,20.0,0.25,0.25,"[""i10fg"", ""msl"", ""t2m"", ""u10"", ""v10""]","[""ssrd"", ""tp""]",0,True,none
2015,10,era5_std_adriatic_2015_10_instant.nc,era5_std_adriatic_2015_10_accum.nc,7986868,1545366,744,744,2015-10-01T00:00:00.000000000,2015-10-31T23:00:00.000000000,31,33,39.0,46.5,12.0,20.0,0.25,0.25,"[""i10fg"", ""msl"", ""t2m"", ""u10"", ""v10""]","[""ssrd"", ""tp""]",0,True,none
2015,11,era5_std_adriatic_2015_11_instant.nc,era5_std_adriatic_2015_11_accum.nc,7667717,1094095,720,720,2015-11-01T00:00:00.000000000,2015-11-30T23:00:00.000000000,31,33,39.0,46.5,12.0,20.0,0.25,0.25,"[""i10fg"", ""msl"", ""t2m"", ""u10"", ""v10""]","[""ssrd"", ""tp""]",0,True,none
2015,12,era5_std_adriatic_2015_12_instant.nc,era5_std_adriatic_2015_12_accum.nc,7862666,1019927,744,744,2015-12-01T00:00:00.000000000,2015-12-31T23:00:00.000000000,31,33,39.0,46.5,12.0,20.0,0.25,0.25,"[""i10fg"", ""msl"", ""t2m"", ""u10"", ""v10""]","[""ssrd"", ""tp""]",0,True,none
2016,1,era5_std_adriatic_2016_01_instant.nc,era5_std_adriatic_2016_01_accum.nc,8004214,1367653,744,744,2016-01-01T00:00:00.000000000,2016-01-31T23:00:00.000000000,31,33,39.0,46.5,12.0,20.0,0.25,0.25,"[""i10fg"", ""msl"", ""t2m"", ""u10"", ""v10""]","[""ssrd"", ""tp""]",0,True,none
2016,2,era5_std_adriatic_2016_02_instant.nc,era5_std_adriatic_2016_02_accum.nc,7556471,1403193,696,696,2016-02-01T00:00:00.000000000,2016-02-29T23:00:00.000000000,31,33,39.0,46.5,12.0,20.0,0.25,0.25,"[""i10fg"", ""msl"", ""t2m"", ""u10"", ""v10""]","[""ssrd"", ""tp""]",0,True,none
2016,3,era5_std_adriatic_2016_03_instant.nc,era5_std_adriatic_2016_03_accum.nc,8016795,1599395,744,744,2016-03-01T00:00:00.000000000,2016-03-31T23:00:00.000000000,31,33,39.0,46.5,12.0,20.0,0.25,0.25,"[""i10fg"", ""msl"", ""t2m"", ""u10"", ""v10""]","[""ssrd"", ""tp""]",0,True,none
2016,4,era5_std_adriatic_2016_04_instant.nc,era5_std_adriatic_2016_04_accum.nc,7759752,1316761,720,720,2016-04-01T00:00:00.000000000,2016-04-30T23:00:00.000000000,31,33,39.0,46.5,12.0,20.0,0.25,0.25,"[""i10fg"", ""msl"", ""t2m"", ""u10"", ""v10""]","[""ssrd"", ""tp""]",0,True,none
2016,5,era5_std_adriatic_2016_05_instant.nc,era5_std_adriatic_2016_05_accum.nc,7969141,1607700,744,744,2016-05-01T00:00:00.000000000,2016-05-31T23:00:00.000000000,31,33,39.0,46.5,12.0,20.0,0.25,0.25,"[""i10fg"", ""msl"", ""t2m"", ""u10"", ""v10""]","[""ssrd"", ""tp""]",0,True,none
2016,6,era5_std_adriatic_2016_06_instant.nc,era5_std_adriatic_2016_06_accum.nc,7702618,1546044,720,720,2016-06-01T00:00:00.000000000,2016-06-30T23:00:00.000000000,31,33,39.0,46.5,12.0,20.0,0.25,0.25,"[""i10fg"", ""msl"", ""t2m"", ""u10"", ""v10""]","[""ssrd"", ""tp""]",0,True,none
2016,7,era5_std_adriatic_2016_07_instant.nc,era5_std_adriatic_2016_07_accum.nc,7985926,1367942,744,744,2016-07-01T00:00:00.000000000,2016-07-31T23:00:00.000000000,31,33,39.0,46.5,12.0,20.0,0.25,0.25,"[""i10fg"", ""msl"", ""t2m"", ""u10"", ""v10""]","[""ssrd"", ""tp""]",0,True,none
2016,8,era5_std_adriatic_2016_08_instant.nc,era5_std_adriatic_2016_08_accum.nc,7980934,1290616,744,744,2016-08-01T00:00:00.000000000,2016-08-31T23:00:00.000000000,31,33,39.0,46.5,12.0,20.0,0.25,0.25,"[""i10fg"", ""msl"", ""t2m"", ""u10"", ""v10""]","[""ssrd"", ""tp""]",0,True,none
2016,9,era5_std_adriatic_2016_09_instant.nc,era5_std_adriatic_2016_09_accum.nc,7673057,1373690,720,720,2016-09-01T00:00:00.000000000,2016-09-30T23:00:00.000000000,31,33,39.0,46.5,12.0,20.0,0.25,0.25,"[""i10fg"", ""msl"", ""t2m"", ""u10"", ""v10""]","[""ssrd"", ""tp""]",0,True,none
2016,10,era5_std_adriatic_2016_10_instant.nc,era5_std_adriatic_2016_10_accum.nc,8004815,1461829,744,744,2016-10-01T00:00:00.000000000,2016-10-31T23:00:00.000000000,31,33,39.0,46.5,12.0,20.0,0.25,0.25,"[""i10fg"", ""msl"", ""t2m"", ""u10"", ""v10""]","[""ssrd"", ""tp""]",0,True,none
2016,11,era5_std_adriatic_2016_11_instant.nc,era5_std_adriatic_2016_11_accum.nc,7744708,1402800,720,720,2016-11-01T00:00:00.000000000,2016-11-30T23:00:00.000000000,31,33,39.0,46.5,12.0,20.0,0.25,0.25,"[""i10fg"", ""msl"", ""t2m"", ""u10"", ""v10""]","[""ssrd"", ""tp""]",0,True,none
2016,12,era5_std_adriatic_2016_12_instant.nc,era5_std_adriatic_2016_12_accum.nc,7975767,1001205,744,744,2016-12-01T00:00:00.000000000,2016-12-31T23:00:00.000000000,31,33,39.0,46.5,12.0,20.0,0.25,0.25,"[""i10fg"", ""msl"", ""t2m"", ""u10"", ""v10""]","[""ssrd"", ""tp""]",0,True,none
2017,1,era5_std_adriatic_2017_01_instant.nc,era5_std_adriatic_2017_01_accum.nc,8085211,1384928,744,744,2017-01-01T00:00:00.000000000,2017-01-31T23:00:00.000000000,31,33,39.0,46.5,12.0,20.0,0.25,0.25,"[""i10fg"", ""msl"", ""t2m"", ""u10"", ""v10""]","[""ssrd"", ""tp""]",0,True,none
2017,2,era5_std_adriatic_2017_02_instant.nc,era5_std_adriatic_2017_02_accum.nc,7227695,1252900,672,672,2017-02-01T00:00:00.000000000,2017-02-28T23:00:00.000000000,31,33,39.0,46.5,12.0,20.0,0.25,0.25,"[""i10fg"", ""msl"", ""t2m"", ""u10"", ""v10""]","[""ssrd"", ""tp""]",0,True,none
2017,3,era5_std_adriatic_2017_03_instant.nc,era5_std_adriatic_2017_03_accum.nc,7995114,1210403,744,744,2017-03-01T00:00:00.000000000,2017-03-31T23:00:00.000000000,31,33,39.0,46.5,12.0,20.0,0.25,0.25,"[""i10fg"", ""msl"", ""t2m"", ""u10"", ""v10""]","[""ssrd"", ""tp""]",0,True,none
2017,4,era5_std_adriatic_2017_04_instant.nc,era5_std_adriatic_2017_04_accum.nc,7763169,1439771,720,720,2017-04-01T00:00:00.000000000,2017-04-30T23:00:00.000000000,31,33,39.0,46.5,12.0,20.0,0.25,0.25,"[""i10fg"", ""msl"", ""t2m"", ""u10"", ""v10""]","[""ssrd"", ""tp""]",0,True,none
2017,5,era5_std_adriatic_2017_05_instant.nc,era5_std_adriatic_2017_05_accum.nc,7966930,1480954,744,744,2017-05-01T00:00:00.000000000,2017-05-31T23:00:00.000000000,31,33,39.0,46.5,12.0,20.0,0.25,0.25,"[""i10fg"", ""msl"", ""t2m"", ""u10"", ""v10""]","[""ssrd"", ""tp""]",0,True,none
2017,6,era5_std_adriatic_2017_06_instant.nc,era5_std_adriatic_2017_06_accum.nc,7730503,1292095,720,720,2017-06-01T00:00:00.000000000,2017-06-30T23:00:00.000000000,31,33,39.0,46.5,12.0,20.0,0.25,0.25,"[""i10fg"", ""msl"", ""t2m"", ""u10"", ""v10""]","[""ssrd"", ""tp""]",0,True,none
2017,7,era5_std_adriatic_2017_07_instant.nc,era5_std_adriatic_2017_07_accum.nc,8019496,1266257,744,744,2017-07-01T00:00:00.000000000,2017-07-31T23:00:00.000000000,31,33,39.0,46.5,12.0,20.0,0.25,0.25,"[""i10fg"", ""msl"", ""t2m"", ""u10"", ""v10""]","[""ssrd"", ""tp""]",0,True,none
2017,8,era5_std_adriatic_2017_08_instant.nc,era5_std_adriatic_2017_08_accum.nc,8018660,1092636,744,744,2017-08-01T00:00:00.000000000,2017-08-31T23:00:00.000000000,31,33,39.0,46.5,12.0,20.0,0.25,0.25,"[""i10fg"", ""msl"", ""t2m"", ""u10"", ""v10""]","[""ssrd"", ""tp""]",0,True,none
2017,9,era5_std_adriatic_2017_09_instant.nc,era5_std_adriatic_2017_09_accum.nc,7741376,1492283,720,720,2017-09-01T00:00:00.000000000,2017-09-30T23:00:00.000000000,31,33,39.0,46.5,12.0,20.0,0.25,0.25,"[""i10fg"", ""msl"", ""t2m"", ""u10"", ""v10""]","[""ssrd"", ""tp""]",0,True,none
2017,10,era5_std_adriatic_2017_10_instant.nc,era5_std_adriatic_2017_10_accum.nc,7906025,1145081,744,744,2017-10-01T00:00:00.000000000,2017-10-31T23:00:00.000000000,31,33,39.0,46.5,12.0,20.0,0.25,0.25,"[""i10fg"", ""msl"", ""t2m"", ""u10"", ""v10""]","[""ssrd"", ""tp""]",0,True,none
2017,11,era5_std_adriatic_2017_11_instant.nc,era5_std_adriatic_2017_11_accum.nc,7761842,1388604,720,720,2017-11-01T00:00:00.000000000,2017-11-30T23:00:00.000000000,31,33,39.0,46.5,12.0,20.0,0.25,0.25,"[""i10fg"", ""msl"", ""t2m"", ""u10"", ""v10""]","[""ssrd"", ""tp""]",0,True,none
2017,12,era5_std_adriatic_2017_12_instant.nc,era5_std_adriatic_2017_12_accum.nc,8038409,1351859,744,744,2017-12-01T00:00:00.000000000,2017-12-31T23:00:00.000000000,31,33,39.0,46.5,12.0,20.0,0.25,0.25,"[""i10fg"", ""msl"", ""t2m"", ""u10"", ""v10""]","[""ssrd"", ""tp""]",0,True,none
2018,1,era5_std_adriatic_2018_01_instant.nc,era5_std_adriatic_2018_01_accum.nc,8023716,1309891,744,744,2018-01-01T00:00:00.000000000,2018-01-31T23:00:00.000000000,31,33,39.0,46.5,12.0,20.0,0.25,0.25,"[""i10fg"", ""msl"", ""t2m"", ""u10"", ""v10""]","[""ssrd"", ""tp""]",0,True,none
2018,2,era5_std_adriatic_2018_02_instant.nc,era5_std_adriatic_2018_02_accum.nc,7271333,1526497,672,672,2018-02-01T00:00:00.000000000,2018-02-28T23:00:00.000000000,31,33,39.0,46.5,12.0,20.0,0.25,0.25,"[""i10fg"", ""msl"", ""t2m"", ""u10"", ""v10""]","[""ssrd"", ""tp""]",0,True,none
2018,3,era5_std_adriatic_2018_03_instant.nc,era5_std_adriatic_2018_03_accum.nc,8064064,1722951,744,744,2018-03-01T00:00:00.000000000,2018-03-31T23:00:00.000000000,31,33,39.0,46.5,12.0,20.0,0.25,0.25,"[""i10fg"", ""msl"", ""t2m"", ""u10"", ""v10""]","[""ssrd"", ""tp""]",0,True,none
2018,4,era5_std_adriatic_2018_04_instant.nc,era5_std_adriatic_2018_04_accum.nc,7765597,1271439,720,720,2018-04-01T00:00:00.000000000,2018-04-30T23:00:00.000000000,31,33,39.0,46.5,12.0,20.0,0.25,0.25,"[""i10fg"", ""msl"", ""t2m"", ""u10"", ""v10""]","[""ssrd"", ""tp""]",0,True,none
2018,5,era5_std_adriatic_2018_05_instant.nc,era5_std_adriatic_2018_05_accum.nc,7943845,1675585,744,744,2018-05-01T00:00:00.000000000,2018-05-31T23:00:00.000000000,31,33,39.0,46.5,12.0,20.0,0.25,0.25,"[""i10fg"", ""msl"", ""t2m"", ""u10"", ""v10""]","[""ssrd"", ""tp""]",0,True,none
2018,6,era5_std_adriatic_2018_06_instant.nc,era5_std_adriatic_2018_06_accum.nc,7736944,1622866,720,720,2018-06-01T00:00:00.000000000,2018-06-30T23:00:00.000000000,31,33,39.0,46.5,12.0,20.0,0.25,0.25,"[""i10fg"", ""msl"", ""t2m"", ""u10"", ""v10""]","[""ssrd"", ""tp""]",0,True,none
2018,7,era5_std_adriatic_2018_07_instant.nc,era5_std_adriatic_2018_07_accum.nc,7985967,1479423,744,744,2018-07-01T00:00:00.000000000,2018-07-31T23:00:00.000000000,31,33,39.0,46.5,12.0,20.0,0.25,0.25,"[""i10fg"", ""msl"", ""t2m"", ""u10"", ""v10""]","[""ssrd"", ""tp""]",0,True,none
2018,8,era5_std_adriatic_2018_08_instant.nc,era5_std_adriatic_2018_08_accum.nc,7941868,1409354,744,744,2018-08-01T00:00:00.000000000,2018-08-31T23:00:00.000000000,31,33,39.0,46.5,12.0,20.0,0.25,0.25,"[""i10fg"", ""msl"", ""t2m"", ""u10"", ""v10""]","[""ssrd"", ""tp""]",0,True,none
2018,9,era5_std_adriatic_2018_09_instant.nc,era5_std_adriatic_2018_09_accum.nc,7699411,1226114,720,720,2018-09-01T00:00:00.000000000,2018-09-30T23:00:00.000000000,31,33,39.0,46.5,12.0,20.0,0.25,0.25,"[""i10fg"", ""msl"", ""t2m"", ""u10"", ""v10""]","[""ssrd"", ""tp""]",0,True,none
2018,10,era5_std_adriatic_2018_10_instant.nc,era5_std_adriatic_2018_10_accum.nc,7972074,1383715,744,744,2018-10-01T00:00:00.000000000,2018-10-31T23:00:00.000000000,31,33,39.0,46.5,12.0,20.0,0.25,0.25,"[""i10fg"", ""msl"", ""t2m"", ""u10"", ""v10""]","[""ssrd"", ""tp""]",0,True,none
2018,11,era5_std_adriatic_2018_11_instant.nc,era5_std_adriatic_2018_11_accum.nc,7744977,1382663,720,720,2018-11-01T00:00:00.000000000,2018-11-30T23:00:00.000000000,31,33,39.0,46.5,12.0,20.0,0.25,0.25,"[""i10fg"", ""msl"", ""t2m"", ""u10"", ""v10""]","[""ssrd"", ""tp""]",0,True,none
2018,12,era5_std_adriatic_2018_12_instant.nc,era5_std_adriatic_2018_12_accum.nc,8032142,1290931,744,744,2018-12-01T00:00:00.000000000,2018-12-31T23:00:00.000000000,31,33,39.0,46.5,12.0,20.0,0.25,0.25,"[""i10fg"", ""msl"", ""t2m"", ""u10"", ""v10""]","[""ssrd"", ""tp""]",0,True,none
2019,1,era5_std_adriatic_2019_01_instant.nc,era5_std_adriatic_2019_01_accum.nc,8075015,1496299,744,744,2019-01-01T00:00:00.000000000,2019-01-31T23:00:00.000000000,31,33,39.0,46.5,12.0,20.0,0.25,0.25,"[""i10fg"", ""msl"", ""t2m"", ""u10"", ""v10""]","[""ssrd"", ""tp""]",0,True,none
2019,2,era5_std_adriatic_2019_02_instant.nc,era5_std_adriatic_2019_02_accum.nc,7246959,1045995,672,672,2019-02-01T00:00:00.000000000,2019-02-28T23:00:00.000000000,31,33,39.0,46.5,12.0,20.0,0.25,0.25,"[""i10fg"", ""msl"", ""t2m"", ""u10"", ""v10""]","[""ssrd"", ""tp""]",0,True,none
2019,3,era5_std_adriatic_2019_03_instant.nc,era5_std_adriatic_2019_03_accum.nc,8057653,1211238,744,744,2019-03-01T00:00:00.000000000,2019-03-31T23:00:00.000000000,31,33,39.0,46.5,12.0,20.0,0.25,0.25,"[""i10fg"", ""msl"", ""t2m"", ""u10"", ""v10""]","[""ssrd"", ""tp""]",0,True,none
2019,4,era5_std_adriatic_2019_04_instant.nc,era5_std_adriatic_2019_04_accum.nc,7734209,1551933,720,720,2019-04-01T00:00:00.000000000,2019-04-30T23:00:00.000000000,31,33,39.0,46.5,12.0,20.0,0.25,0.25,"[""i10fg"", ""msl"", ""t2m"", ""u10"", ""v10""]","[""ssrd"", ""tp""]",0,True,none
2019,5,era5_std_adriatic_2019_05_instant.nc,era5_std_adriatic_2019_05_accum.nc,7982503,1836711,744,744,2019-05-01T00:00:00.000000000,2019-05-31T23:00:00.000000000,31,33,39.0,46.5,12.0,20.0,0.25,0.25,"[""i10fg"", ""msl"", ""t2m"", ""u10"", ""v10""]","[""ssrd"", ""tp""]",0,True,none
2019,6,era5_std_adriatic_2019_06_instant.nc,era5_std_adriatic_2019_06_accum.nc,7765879,1301129,720,720,2019-06-01T00:00:00.000000000,2019-06-30T23:00:00.000000000,31,33,39.0,46.5,12.0,20.0,0.25,0.25,"[""i10fg"", ""msl"", ""t2m"", ""u10"", ""v10""]","[""ssrd"", ""tp""]",0,True,none
2019,7,era5_std_adriatic_2019_07_instant.nc,era5_std_adriatic_2019_07_accum.nc,7999369,1386187,744,744,2019-07-01T00:00:00.000000000,2019-07-31T23:00:00.000000000,31,33,39.0,46.5,12.0,20.0,0.25,0.25,"[""i10fg"", ""msl"", ""t2m"", ""u10"", ""v10""]","[""ssrd"", ""tp""]",0,True,none
2019,8,era5_std_adriatic_2019_08_instant.nc,era5_std_adriatic_2019_08_accum.nc,7967146,1214103,744,744,2019-08-01T00:00:00.000000000,2019-08-31T23:00:00.000000000,31,33,39.0,46.5,12.0,20.0,0.25,0.25,"[""i10fg"", ""msl"", ""t2m"", ""u10"", ""v10""]","[""ssrd"", ""tp""]",0,True,none
2019,9,era5_std_adriatic_2019_09_instant.nc,era5_std_adriatic_2019_09_accum.nc,7697654,1310448,720,720,2019-09-01T00:00:00.000000000,2019-09-30T23:00:00.000000000,31,33,39.0,46.5,12.0,20.0,0.25,0.25,"[""i10fg"", ""msl"", ""t2m"", ""u10"", ""v10""]","[""ssrd"", ""tp""]",0,True,none
2019,10,era5_std_adriatic_2019_10_instant.nc,era5_std_adriatic_2019_10_accum.nc,7916328,1192315,744,744,2019-10-01T00:00:00.000000000,2019-10-31T23:00:00.000000000,31,33,39.0,46.5,12.0,20.0,0.25,0.25,"[""i10fg"", ""msl"", ""t2m"", ""u10"", ""v10""]","[""ssrd"", ""tp""]",0,True,none
2019,11,era5_std_adriatic_2019_11_instant.nc,era5_std_adriatic_2019_11_accum.nc,7811575,1594226,720,720,2019-11-01T00:00:00.000000000,2019-11-30T23:00:00.000000000,31,33,39.0,46.5,12.0,20.0,0.25,0.25,"[""i10fg"", ""msl"", ""t2m"", ""u10"", ""v10""]","[""ssrd"", ""tp""]",0,True,none
2019,12,era5_std_adriatic_2019_12_instant.nc,era5_std_adriatic_2019_12_accum.nc,8073757,1334182,744,744,2019-12-01T00:00:00.000000000,2019-12-31T23:00:00.000000000,31,33,39.0,46.5,12.0,20.0,0.25,0.25,"[""i10fg"", ""msl"", ""t2m"", ""u10"", ""v10""]","[""ssrd"", ""tp""]",0,True,none
2020,1,era5_std_adriatic_2020_01_instant.nc,era5_std_adriatic_2020_01_accum.nc,7989519,1066319,744,744,2020-01-01T00:00:00.000000000,2020-01-31T23:00:00.000000000,31,33,39.0,46.5,12.0,20.0,0.25,0.25,"[""i10fg"", ""msl"", ""t2m"", ""u10"", ""v10""]","[""ssrd"", ""tp""]",0,True,none
2020,2,era5_std_adriatic_2020_02_instant.nc,era5_std_adriatic_2020_02_accum.nc,7509741,1103094,696,696,2020-02-01T00:00:00.000000000,2020-02-29T23:00:00.000000000,31,33,39.0,46.5,12.0,20.0,0.25,0.25,"[""i10fg"", ""msl"", ""t2m"", ""u10"", ""v10""]","[""ssrd"", ""tp""]",0,True,none
2020,3,era5_std_adriatic_2020_03_instant.nc,era5_std_adriatic_2020_03_accum.nc,7990293,1424073,744,744,2020-03-01T00:00:00.000000000,2020-03-31T23:00:00.000000000,31,33,39.0,46.5,12.0,20.0,0.25,0.25,"[""i10fg"", ""msl"", ""t2m"", ""u10"", ""v10""]","[""ssrd"", ""tp""]",0,True,none
2020,4,era5_std_adriatic_2020_04_instant.nc,era5_std_adriatic_2020_04_accum.nc,7704713,1198620,720,720,2020-04-01T00:00:00.000000000,2020-04-30T23:00:00.000000000,31,33,39.0,46.5,12.0,20.0,0.25,0.25,"[""i10fg"", ""msl"", ""t2m"", ""u10"", ""v10""]","[""ssrd"", ""tp""]",0,True,none
2020,5,era5_std_adriatic_2020_05_instant.nc,era5_std_adriatic_2020_05_accum.nc,8058003,1468656,744,744,2020-05-01T00:00:00.000000000,2020-05-31T23:00:00.000000000,31,33,39.0,46.5,12.0,20.0,0.25,0.25,"[""i10fg"", ""msl"", ""t2m"", ""u10"", ""v10""]","[""ssrd"", ""tp""]",0,True,none
2020,6,era5_std_adriatic_2020_06_instant.nc,era5_std_adriatic_2020_06_accum.nc,7724751,1546448,720,720,2020-06-01T00:00:00.000000000,2020-06-30T23:00:00.000000000,31,33,39.0,46.5,12.0,20.0,0.25,0.25,"[""i10fg"", ""msl"", ""t2m"", ""u10"", ""v10""]","[""ssrd"", ""tp""]",0,True,none
2020,7,era5_std_adriatic_2020_07_instant.nc,era5_std_adriatic_2020_07_accum.nc,7977681,1302567,744,744,2020-07-01T00:00:00.000000000,2020-07-31T23:00:00.000000000,31,33,39.0,46.5,12.0,20.0,0.25,0.25,"[""i10fg"", ""msl"", ""t2m"", ""u10"", ""v10""]","[""ssrd"", ""tp""]",0,True,none
2020,8,era5_std_adriatic_2020_08_instant.nc,era5_std_adriatic_2020_08_accum.nc,7991417,1340104,744,744,2020-08-01T00:00:00.000000000,2020-08-31T23:00:00.000000000,31,33,39.0,46.5,12.0,20.0,0.25,0.25,"[""i10fg"", ""msl"", ""t2m"", ""u10"", ""v10""]","[""ssrd"", ""tp""]",0,True,none
2020,9,era5_std_adriatic_2020_09_instant.nc,era5_std_adriatic_2020_09_accum.nc,7724235,1265752,720,720,2020-09-01T00:00:00.000000000,2020-09-30T23:00:00.000000000,31,33,39.0,46.5,12.0,20.0,0.25,0.25,"[""i10fg"", ""msl"", ""t2m"", ""u10"", ""v10""]","[""ssrd"", ""tp""]",0,True,none
2020,10,era5_std_adriatic_2020_10_instant.nc,era5_std_adriatic_2020_10_accum.nc,7975689,1392603,744,744,2020-10-01T00:00:00.000000000,2020-10-31T23:00:00.000000000,31,33,39.0,46.5,12.0,20.0,0.25,0.25,"[""i10fg"", ""msl"", ""t2m"", ""u10"", ""v10""]","[""ssrd"", ""tp""]",0,True,none
2020,11,era5_std_adriatic_2020_11_instant.nc,era5_std_adriatic_2020_11_accum.nc,7662235,1181424,720,720,2020-11-01T00:00:00.000000000,2020-11-30T23:00:00.000000000,31,33,39.0,46.5,12.0,20.0,0.25,0.25,"[""i10fg"", ""msl"", ""t2m"", ""u10"", ""v10""]","[""ssrd"", ""tp""]",0,True,none
2020,12,era5_std_adriatic_2020_12_instant.nc,era5_std_adriatic_2020_12_accum.nc,7994230,1515791,744,744,2020-12-01T00:00:00.000000000,2020-12-31T23:00:00.000000000,31,33,39.0,46.5,12.0,20.0,0.25,0.25,"[""i10fg"", ""msl"", ""t2m"", ""u10"", ""v10""]","[""ssrd"", ""tp""]",0,True,none
2021,1,era5_std_adriatic_2021_01_instant.nc,era5_std_adriatic_2021_01_accum.nc,8061995,1550977,744,744,2021-01-01T00:00:00.000000000,2021-01-31T23:00:00.000000000,31,33,39.0,46.5,12.0,20.0,0.25,0.25,"[""i10fg"", ""msl"", ""t2m"", ""u10"", ""v10""]","[""ssrd"", ""tp""]",0,True,none
2021,2,era5_std_adriatic_2021_02_instant.nc,era5_std_adriatic_2021_02_accum.nc,7221666,1150383,672,672,2021-02-01T00:00:00.000000000,2021-02-28T23:00:00.000000000,31,33,39.0,46.5,12.0,20.0,0.25,0.25,"[""i10fg"", ""msl"", ""t2m"", ""u10"", ""v10""]","[""ssrd"", ""tp""]",0,True,none
2021,3,era5_std_adriatic_2021_03_instant.nc,era5_std_adriatic_2021_03_accum.nc,7982562,1348440,744,744,2021-03-01T00:00:00.000000000,2021-03-31T23:00:00.000000000,31,33,39.0,46.5,12.0,20.0,0.25,0.25,"[""i10fg"", ""msl"", ""t2m"", ""u10"", ""v10""]","[""ssrd"", ""tp""]",0,True,none
2021,4,era5_std_adriatic_2021_04_instant.nc,era5_std_adriatic_2021_04_accum.nc,7743671,1501529,720,720,2021-04-01T00:00:00.000000000,2021-04-30T23:00:00.000000000,31,33,39.0,46.5,12.0,20.0,0.25,0.25,"[""i10fg"", ""msl"", ""t2m"", ""u10"", ""v10""]","[""ssrd"", ""tp""]",0,True,none
2021,5,era5_std_adriatic_2021_05_instant.nc,era5_std_adriatic_2021_05_accum.nc,8044229,1464089,744,744,2021-05-01T00:00:00.000000000,2021-05-31T23:00:00.000000000,31,33,39.0,46.5,12.0,20.0,0.25,0.25,"[""i10fg"", ""msl"", ""t2m"", ""u10"", ""v10""]","[""ssrd"", ""tp""]",0,True,none
2021,6,era5_std_adriatic_2021_06_instant.nc,era5_std_adriatic_2021_06_accum.nc,7740260,1250451,720,720,2021-06-01T00:00:00.000000000,2021-06-30T23:00:00.000000000,31,33,39.0,46.5,12.0,20.0,0.25,0.25,"[""i10fg"", ""msl"", ""t2m"", ""u10"", ""v10""]","[""ssrd"", ""tp""]",0,True,none
2021,7,era5_std_adriatic_2021_07_instant.nc,era5_std_adriatic_2021_07_accum.nc,8065330,1351433,744,744,2021-07-01T00:00:00.000000000,2021-07-31T23:00:00.000000000,31,33,39.0,46.5,12.0,20.0,0.25,0.25,"[""i10fg"", ""msl"", ""t2m"", ""u10"", ""v10""]","[""ssrd"", ""tp""]",0,True,none
2021,8,era5_std_adriatic_2021_08_instant.nc,era5_std_adriatic_2021_08_accum.nc,8027316,1274396,744,744,2021-08-01T00:00:00.000000000,2021-08-31T23:00:00.000000000,31,33,39.0,46.5,12.0,20.0,0.25,0.25,"[""i10fg"", ""msl"", ""t2m"", ""u10"", ""v10""]","[""ssrd"", ""tp""]",0,True,none
2021,9,era5_std_adriatic_2021_09_instant.nc,era5_std_adriatic_2021_09_accum.nc,7715490,1209957,720,720,2021-09-01T00:00:00.000000000,2021-09-30T23:00:00.000000000,31,33,39.0,46.5,12.0,20.0,0.25,0.25,"[""i10fg"", ""msl"", ""t2m"", ""u10"", ""v10""]","[""ssrd"", ""tp""]",0,True,none
2021,10,era5_std_adriatic_2021_10_instant.nc,era5_std_adriatic_2021_10_accum.nc,7997670,1375032,744,744,2021-10-01T00:00:00.000000000,2021-10-31T23:00:00.000000000,31,33,39.0,46.5,12.0,20.0,0.25,0.25,"[""i10fg"", ""msl"", ""t2m"", ""u10"", ""v10""]","[""ssrd"", ""tp""]",0,True,none
2021,11,era5_std_adriatic_2021_11_instant.nc,era5_std_adriatic_2021_11_accum.nc,7799735,1486291,720,720,2021-11-01T00:00:00.000000000,2021-11-30T23:00:00.000000000,31,33,39.0,46.5,12.0,20.0,0.25,0.25,"[""i10fg"", ""msl"", ""t2m"", ""u10"", ""v10""]","[""ssrd"", ""tp""]",0,True,none
2021,12,era5_std_adriatic_2021_12_instant.nc,era5_std_adriatic_2021_12_accum.nc,8089197,1373892,744,744,2021-12-01T00:00:00.000000000,2021-12-31T23:00:00.000000000,31,33,39.0,46.5,12.0,20.0,0.25,0.25,"[""i10fg"", ""msl"", ""t2m"", ""u10"", ""v10""]","[""ssrd"", ""tp""]",0,True,none
2022,1,era5_std_adriatic_2022_01_instant.nc,era5_std_adriatic_2022_01_accum.nc,8055935,1162645,744,744,2022-01-01T00:00:00.000000000,2022-01-31T23:00:00.000000000,31,33,39.0,46.5,12.0,20.0,0.25,0.25,"[""i10fg"", ""msl"", ""t2m"", ""u10"", ""v10""]","[""ssrd"", ""tp""]",0,True,none
2022,2,era5_std_adriatic_2022_02_instant.nc,era5_std_adriatic_2022_02_accum.nc,7260251,1171286,672,672,2022-02-01T00:00:00.000000000,2022-02-28T23:00:00.000000000,31,33,39.0,46.5,12.0,20.0,0.25,0.25,"[""i10fg"", ""msl"", ""t2m"", ""u10"", ""v10""]","[""ssrd"", ""tp""]",0,True,none
2022,3,era5_std_adriatic_2022_03_instant.nc,era5_std_adriatic_2022_03_accum.nc,7992317,1224519,744,744,2022-03-01T00:00:00.000000000,2022-03-31T23:00:00.000000000,31,33,39.0,46.5,12.0,20.0,0.25,0.25,"[""i10fg"", ""msl"", ""t2m"", ""u10"", ""v10""]","[""ssrd"", ""tp""]",0,True,none
2022,4,era5_std_adriatic_2022_04_instant.nc,era5_std_adriatic_2022_04_accum.nc,7741492,1392618,720,720,2022-04-01T00:00:00.000000000,2022-04-30T23:00:00.000000000,31,33,39.0,46.5,12.0,20.0,0.25,0.25,"[""i10fg"", ""msl"", ""t2m"", ""u10"", ""v10""]","[""ssrd"", ""tp""]",0,True,none
2022,5,era5_std_adriatic_2022_05_instant.nc,era5_std_adriatic_2022_05_accum.nc,7980261,1419364,744,744,2022-05-01T00:00:00.000000000,2022-05-31T23:00:00.000000000,31,33,39.0,46.5,12.0,20.0,0.25,0.25,"[""i10fg"", ""msl"", ""t2m"", ""u10"", ""v10""]","[""ssrd"", ""tp""]",0,True,none
2022,6,era5_std_adriatic_2022_06_instant.nc,era5_std_adriatic_2022_06_accum.nc,7785582,1301317,720,720,2022-06-01T00:00:00.000000000,2022-06-30T23:00:00.000000000,31,33,39.0,46.5,12.0,20.0,0.25,0.25,"[""i10fg"", ""msl"", ""t2m"", ""u10"", ""v10""]","[""ssrd"", ""tp""]",0,True,none
2022,7,era5_std_adriatic_2022_07_instant.nc,era5_std_adriatic_2022_07_accum.nc,8025810,1217021,744,744,2022-07-01T00:00:00.000000000,2022-07-31T23:00:00.000000000,31,33,39.0,46.5,12.0,20.0,0.25,0.25,"[""i10fg"", ""msl"", ""t2m"", ""u10"", ""v10""]","[""ssrd"", ""tp""]",0,True,none
2022,8,era5_std_adriatic_2022_08_instant.nc,era5_std_adriatic_2022_08_accum.nc,8030744,1394559,744,744,2022-08-01T00:00:00.000000000,2022-08-31T23:00:00.000000000,31,33,39.0,46.5,12.0,20.0,0.25,0.25,"[""i10fg"", ""msl"", ""t2m"", ""u10"", ""v10""]","[""ssrd"", ""tp""]",0,True,none
2022,9,era5_std_adriatic_2022_09_instant.nc,era5_std_adriatic_2022_09_accum.nc,7773589,1427908,720,720,2022-09-01T00:00:00.000000000,2022-09-30T23:00:00.000000000,31,33,39.0,46.5,12.0,20.0,0.25,0.25,"[""i10fg"", ""msl"", ""t2m"", ""u10"", ""v10""]","[""ssrd"", ""tp""]",0,True,none
2022,10,era5_std_adriatic_2022_10_instant.nc,era5_std_adriatic_2022_10_accum.nc,7903416,1053953,744,744,2022-10-01T00:00:00.000000000,2022-10-31T23:00:00.000000000,31,33,39.0,46.5,12.0,20.0,0.25,0.25,"[""i10fg"", ""msl"", ""t2m"", ""u10"", ""v10""]","[""ssrd"", ""tp""]",0,True,none
2022,11,era5_std_adriatic_2022_11_instant.nc,era5_std_adriatic_2022_11_accum.nc,7743026,1378482,720,720,2022-11-01T00:00:00.000000000,2022-11-30T23:00:00.000000000,31,33,39.0,46.5,12.0,20.0,0.25,0.25,"[""i10fg"", ""msl"", ""t2m"", ""u10"", ""v10""]","[""ssrd"", ""tp""]",0,True,none
2022,12,era5_std_adriatic_2022_12_instant.nc,era5_std_adriatic_2022_12_accum.nc,7984871,1431039,744,744,2022-12-01T00:00:00.000000000,2022-12-31T23:00:00.000000000,31,33,39.0,46.5,12.0,20.0,0.25,0.25,"[""i10fg"", ""msl"", ""t2m"", ""u10"", ""v10""]","[""ssrd"", ""tp""]",0,True,none
2023,1,era5_std_adriatic_2023_01_instant.nc,era5_std_adriatic_2023_01_accum.nc,8016111,1461250,744,744,2023-01-01T00:00:00.000000000,2023-01-31T23:00:00.000000000,31,33,39.0,46.5,12.0,20.0,0.25,0.25,"[""i10fg"", ""msl"", ""t2m"", ""u10"", ""v10""]","[""ssrd"", ""tp""]",0,True,none
2023,2,era5_std_adriatic_2023_02_instant.nc,era5_std_adriatic_2023_02_accum.nc,7219074,1099601,672,672,2023-02-01T00:00:00.000000000,2023-02-28T23:00:00.000000000,31,33,39.0,46.5,12.0,20.0,0.25,0.25,"[""i10fg"", ""msl"", ""t2m"", ""u10"", ""v10""]","[""ssrd"", ""tp""]",0,True,none
2023,3,era5_std_adriatic_2023_03_instant.nc,era5_std_adriatic_2023_03_accum.nc,8030253,1389534,744,744,2023-03-01T00:00:00.000000000,2023-03-31T23:00:00.000000000,31,33,39.0,46.5,12.0,20.0,0.25,0.25,"[""i10fg"", ""msl"", ""t2m"", ""u10"", ""v10""]","[""ssrd"", ""tp""]",0,True,none
2023,4,era5_std_adriatic_2023_04_instant.nc,era5_std_adriatic_2023_04_accum.nc,7736460,1568363,720,720,2023-04-01T00:00:00.000000000,2023-04-30T23:00:00.000000000,31,33,39.0,46.5,12.0,20.0,0.25,0.25,"[""i10fg"", ""msl"", ""t2m"", ""u10"", ""v10""]","[""ssrd"", ""tp""]",0,True,none
2023,5,era5_std_adriatic_2023_05_instant.nc,era5_std_adriatic_2023_05_accum.nc,7971135,1757508,744,744,2023-05-01T00:00:00.000000000,2023-05-31T23:00:00.000000000,31,33,39.0,46.5,12.0,20.0,0.25,0.25,"[""i10fg"", ""msl"", ""t2m"", ""u10"", ""v10""]","[""ssrd"", ""tp""]",0,True,none
2023,6,era5_std_adriatic_2023_06_instant.nc,era5_std_adriatic_2023_06_accum.nc,7686586,1531228,720,720,2023-06-01T00:00:00.000000000,2023-06-30T23:00:00.000000000,31,33,39.0,46.5,12.0,20.0,0.25,0.25,"[""i10fg"", ""msl"", ""t2m"", ""u10"", ""v10""]","[""ssrd"", ""tp""]",0,True,none
2023,7,era5_std_adriatic_2023_07_instant.nc,era5_std_adriatic_2023_07_accum.nc,8029044,1277537,744,744,2023-07-01T00:00:00.000000000,2023-07-31T23:00:00.000000000,31,33,39.0,46.5,12.0,20.0,0.25,0.25,"[""i10fg"", ""msl"", ""t2m"", ""u10"", ""v10""]","[""ssrd"", ""tp""]",0,True,none
2023,8,era5_std_adriatic_2023_08_instant.nc,era5_std_adriatic_2023_08_accum.nc,8019921,1318524,744,744,2023-08-01T00:00:00.000000000,2023-08-31T23:00:00.000000000,31,33,39.0,46.5,12.0,20.0,0.25,0.25,"[""i10fg"", ""msl"", ""t2m"", ""u10"", ""v10""]","[""ssrd"", ""tp""]",0,True,none
2023,9,era5_std_adriatic_2023_09_instant.nc,era5_std_adriatic_2023_09_accum.nc,7724469,1168918,720,720,2023-09-01T00:00:00.000000000,2023-09-30T23:00:00.000000000,31,33,39.0,46.5,12.0,20.0,0.25,0.25,"[""i10fg"", ""msl"", ""t2m"", ""u10"", ""v10""]","[""ssrd"", ""tp""]",0,True,none
2023,10,era5_std_adriatic_2023_10_instant.nc,era5_std_adriatic_2023_10_accum.nc,7973488,1185629,744,744,2023-10-01T00:00:00.000000000,2023-10-31T23:00:00.000000000,31,33,39.0,46.5,12.0,20.0,0.25,0.25,"[""i10fg"", ""msl"", ""t2m"", ""u10"", ""v10""]","[""ssrd"", ""tp""]",0,True,none
2023,11,era5_std_adriatic_2023_11_instant.nc,era5_std_adriatic_2023_11_accum.nc,7792686,1412499,720,720,2023-11-01T00:00:00.000000000,2023-11-30T23:00:00.000000000,31,33,39.0,46.5,12.0,20.0,0.25,0.25,"[""i10fg"", ""msl"", ""t2m"", ""u10"", ""v10""]","[""ssrd"", ""tp""]",0,True,none
2023,12,era5_std_adriatic_2023_12_instant.nc,era5_std_adriatic_2023_12_accum.nc,8002065,1211714,744,744,2023-12-01T00:00:00.000000000,2023-12-31T23:00:00.000000000,31,33,39.0,46.5,12.0,20.0,0.25,0.25,"[""i10fg"", ""msl"", ""t2m"", ""u10"", ""v10""]","[""ssrd"", ""tp""]",0,True,none
2024,1,era5_std_adriatic_2024_01_instant.nc,era5_std_adriatic_2024_01_accum.nc,8055156,1236082,744,744,2024-01-01T00:00:00.000000000,2024-01-31T23:00:00.000000000,31,33,39.0,46.5,12.0,20.0,0.25,0.25,"[""i10fg"", ""msl"", ""t2m"", ""u10"", ""v10""]","[""ssrd"", ""tp""]",0,True,none
2024,2,era5_std_adriatic_2024_02_instant.nc,era5_std_adriatic_2024_02_accum.nc,7466340,1211263,696,696,2024-02-01T00:00:00.000000000,2024-02-29T23:00:00.000000000,31,33,39.0,46.5,12.0,20.0,0.25,0.25,"[""i10fg"", ""msl"", ""t2m"", ""u10"", ""v10""]","[""ssrd"", ""tp""]",0,True,none
2024,3,era5_std_adriatic_2024_03_instant.nc,era5_std_adriatic_2024_03_accum.nc,8005257,1500036,744,744,2024-03-01T00:00:00.000000000,2024-03-31T23:00:00.000000000,31,33,39.0,46.5,12.0,20.0,0.25,0.25,"[""i10fg"", ""msl"", ""t2m"", ""u10"", ""v10""]","[""ssrd"", ""tp""]",0,True,none
2024,4,era5_std_adriatic_2024_04_instant.nc,era5_std_adriatic_2024_04_accum.nc,7746697,1280328,720,720,2024-04-01T00:00:00.000000000,2024-04-30T23:00:00.000000000,31,33,39.0,46.5,12.0,20.0,0.25,0.25,"[""i10fg"", ""msl"", ""t2m"", ""u10"", ""v10""]","[""ssrd"", ""tp""]",0,True,none
2024,5,era5_std_adriatic_2024_05_instant.nc,era5_std_adriatic_2024_05_accum.nc,7956046,1638287,744,744,2024-05-01T00:00:00.000000000,2024-05-31T23:00:00.000000000,31,33,39.0,46.5,12.0,20.0,0.25,0.25,"[""i10fg"", ""msl"", ""t2m"", ""u10"", ""v10""]","[""ssrd"", ""tp""]",0,True,none
2024,6,era5_std_adriatic_2024_06_instant.nc,era5_std_adriatic_2024_06_accum.nc,7770076,1366503,720,720,2024-06-01T00:00:00.000000000,2024-06-30T23:00:00.000000000,31,33,39.0,46.5,12.0,20.0,0.25,0.25,"[""i10fg"", ""msl"", ""t2m"", ""u10"", ""v10""]","[""ssrd"", ""tp""]",0,True,none
2024,7,era5_std_adriatic_2024_07_instant.nc,era5_std_adriatic_2024_07_accum.nc,8005721,1246101,744,744,2024-07-01T00:00:00.000000000,2024-07-31T23:00:00.000000000,31,33,39.0,46.5,12.0,20.0,0.25,0.25,"[""i10fg"", ""msl"", ""t2m"", ""u10"", ""v10""]","[""ssrd"", ""tp""]",0,True,none
2024,8,era5_std_adriatic_2024_08_instant.nc,era5_std_adriatic_2024_08_accum.nc,7993514,1211299,744,744,2024-08-01T00:00:00.000000000,2024-08-31T23:00:00.000000000,31,33,39.0,46.5,12.0,20.0,0.25,0.25,"[""i10fg"", ""msl"", ""t2m"", ""u10"", ""v10""]","[""ssrd"", ""tp""]",0,True,none
2024,9,era5_std_adriatic_2024_09_instant.nc,era5_std_adriatic_2024_09_accum.nc,7752902,1501500,720,720,2024-09-01T00:00:00.000000000,2024-09-30T23:00:00.000000000,31,33,39.0,46.5,12.0,20.0,0.25,0.25,"[""i10fg"", ""msl"", ""t2m"", ""u10"", ""v10""]","[""ssrd"", ""tp""]",0,True,none
2024,10,era5_std_adriatic_2024_10_instant.nc,era5_std_adriatic_2024_10_accum.nc,7938803,1332216,744,744,2024-10-01T00:00:00.000000000,2024-10-31T23:00:00.000000000,31,33,39.0,46.5,12.0,20.0,0.25,0.25,"[""i10fg"", ""msl"", ""t2m"", ""u10"", ""v10""]","[""ssrd"", ""tp""]",0,True,none
2024,11,era5_std_adriatic_2024_11_instant.nc,era5_std_adriatic_2024_11_accum.nc,7728904,1193979,720,720,2024-11-01T00:00:00.000000000,2024-11-30T23:00:00.000000000,31,33,39.0,46.5,12.0,20.0,0.25,0.25,"[""i10fg"", ""msl"", ""t2m"", ""u10"", ""v10""]","[""ssrd"", ""tp""]",0,True,none
2024,12,era5_std_adriatic_2024_12_instant.nc,era5_std_adriatic_2024_12_accum.nc,8012078,1300263,744,744,2024-12-01T00:00:00.000000000,2024-12-31T23:00:00.000000000,31,33,39.0,46.5,12.0,20.0,0.25,0.25,"[""i10fg"", ""msl"", ""t2m"", ""u10"", ""v10""]","[""ssrd"", ""tp""]",0,True,none
2025,1,era5_std_adriatic_2025_01_instant.nc,era5_std_adriatic_2025_01_accum.nc,8020869,1355379,744,744,2025-01-01T00:00:00.000000000,2025-01-31T23:00:00.000000000,31,33,39.0,46.5,12.0,20.0,0.25,0.25,"[""i10fg"", ""msl"", ""t2m"", ""u10"", ""v10""]","[""ssrd"", ""tp""]",0,True,none
2025,2,era5_std_adriatic_2025_02_instant.nc,era5_std_adriatic_2025_02_accum.nc,7207384,1284250,672,672,2025-02-01T00:00:00.000000000,2025-02-28T23:00:00.000000000,31,33,39.0,46.5,12.0,20.0,0.25,0.25,"[""i10fg"", ""msl"", ""t2m"", ""u10"", ""v10""]","[""ssrd"", ""tp""]",0,True,none
2025,3,era5_std_adriatic_2025_03_instant.nc,era5_std_adriatic_2025_03_accum.nc,8006305,1503249,744,744,2025-03-01T00:00:00.000000000,2025-03-31T23:00:00.000000000,31,33,39.0,46.5,12.0,20.0,0.25,0.25,"[""i10fg"", ""msl"", ""t2m"", ""u10"", ""v10""]","[""ssrd"", ""tp""]",0,True,none
2025,4,era5_std_adriatic_2025_04_instant.nc,era5_std_adriatic_2025_04_accum.nc,7726943,1418074,720,720,2025-04-01T00:00:00.000000000,2025-04-30T23:00:00.000000000,31,33,39.0,46.5,12.0,20.0,0.25,0.25,"[""i10fg"", ""msl"", ""t2m"", ""u10"", ""v10""]","[""ssrd"", ""tp""]",0,True,none
2025,5,era5_std_adriatic_2025_05_instant.nc,era5_std_adriatic_2025_05_accum.nc,7976207,1546775,744,744,2025-05-01T00:00:00.000000000,2025-05-31T23:00:00.000000000,31,33,39.0,46.5,12.0,20.0,0.25,0.25,"[""i10fg"", ""msl"", ""t2m"", ""u10"", ""v10""]","[""ssrd"", ""tp""]",0,True,none
2025,6,era5_std_adriatic_2025_06_instant.nc,era5_std_adriatic_2025_06_accum.nc,7742901,1096317,720,720,2025-06-01T00:00:00.000000000,2025-06-30T23:00:00.000000000,31,33,39.0,46.5,12.0,20.0,0.25,0.25,"[""i10fg"", ""msl"", ""t2m"", ""u10"", ""v10""]","[""ssrd"", ""tp""]",0,True,none
2025,7,era5_std_adriatic_2025_07_instant.nc,era5_std_adriatic_2025_07_accum.nc,8036942,1359109,744,744,2025-07-01T00:00:00.000000000,2025-07-31T23:00:00.000000000,31,33,39.0,46.5,12.0,20.0,0.25,0.25,"[""i10fg"", ""msl"", ""t2m"", ""u10"", ""v10""]","[""ssrd"", ""tp""]",0,True,none
2025,8,era5_std_adriatic_2025_08_instant.nc,era5_std_adriatic_2025_08_accum.nc,8008532,1287348,744,744,2025-08-01T00:00:00.000000000,2025-08-31T23:00:00.000000000,31,33,39.0,46.5,12.0,20.0,0.25,0.25,"[""i10fg"", ""msl"", ""t2m"", ""u10"", ""v10""]","[""ssrd"", ""tp""]",0,True,none
2025,9,era5_std_adriatic_2025_09_instant.nc,era5_std_adriatic_2025_09_accum.nc,7714313,1270851,720,720,2025-09-01T00:00:00.000000000,2025-09-30T23:00:00.000000000,31,33,39.0,46.5,12.0,20.0,0.25,0.25,"[""i10fg"", ""msl"", ""t2m"", ""u10"", ""v10""]","[""ssrd"", ""tp""]",0,True,none
2025,10,era5_std_adriatic_2025_10_instant.nc,era5_std_adriatic_2025_10_accum.nc,7981987,1404751,744,744,2025-10-01T00:00:00.000000000,2025-10-31T23:00:00.000000000,31,33,39.0,46.5,12.0,20.0,0.25,0.25,"[""i10fg"", ""msl"", ""t2m"", ""u10"", ""v10""]","[""ssrd"", ""tp""]",0,True,none
2025,11,era5_std_adriatic_2025_11_instant.nc,era5_std_adriatic_2025_11_accum.nc,7751004,1367488,720,720,2025-11-01T00:00:00.000000000,2025-11-30T23:00:00.000000000,31,33,39.0,46.5,12.0,20.0,0.25,0.25,"[""i10fg"", ""msl"", ""t2m"", ""u10"", ""v10""]","[""ssrd"", ""tp""]",0,True,none
2025,12,era5_std_adriatic_2025_12_instant.nc,era5_std_adriatic_2025_12_accum.nc,7963403,1231887,744,744,2025-12-01T00:00:00.000000000,2025-12-31T23:00:00.000000000,31,33,39.0,46.5,12.0,20.0,0.25,0.25,"[""i10fg"", ""msl"", ""t2m"", ""u10"", ""v10""]","[""ssrd"", ""tp""]",0,True,none
